disease type,lhd,financial year,"rate per 100,000 population"
Influenza and pneumonia,Sydney,2001-2003,13.5
Influenza and pneumonia,Sydney,2002-2004,15.9
Influenza and pneumonia,Sydney,2003-2005,16.3
Influenza and pneumonia,Sydney,2004-2006,15.8
Influenza and pneumonia,Sydney,2005-2007,13.3
Influenza and pneumonia,Sydney,2006-2008,10.5
Influenza and pneumonia,Sydney,2007-2009,7.5
Influenza and pneumonia,Sydney,2008-2010,7.1
Influenza and pneumonia,Sydney,2009-2011,7.4
Influenza and pneumonia,Sydney,2010-2012,8.2
Influenza and pneumonia,Sydney,2011-2013,7.5
Influenza and pneumonia,Sydney,2012-2014,7.6
Influenza and pneumonia,Sydney,2013-2015,7.3
Influenza and pneumonia,Sydney,2014-2016,8.3
Influenza and pneumonia,Sydney,2015-2017,10.2
Influenza and pneumonia,Sydney,2016-2018,10.5
Influenza and pneumonia,Sydney,2017-2019,11.0
Influenza and pneumonia,Sydney,2018-2020,8.4
Influenza and pneumonia,Sydney,2019-2021,6.9
Influenza and pneumonia,South Western Sydney,2001-2003,13.6
Influenza and pneumonia,South Western Sydney,2002-2004,14.8
Influenza and pneumonia,South Western Sydney,2003-2005,14.4
Influenza and pneumonia,South Western Sydney,2004-2006,12.1
Influenza and pneumonia,South Western Sydney,2005-2007,10.6
Influenza and pneumonia,South Western Sydney,2006-2008,8.5
Influenza and pneumonia,South Western Sydney,2007-2009,7.6
Influenza and pneumonia,South Western Sydney,2008-2010,6.9
Influenza and pneumonia,South Western Sydney,2009-2011,6.6
Influenza and pneumonia,South Western Sydney,2010-2012,6.0
Influenza and pneumonia,South Western Sydney,2011-2013,6.0
Influenza and pneumonia,South Western Sydney,2012-2014,6.1
Influenza and pneumonia,South Western Sydney,2013-2015,7.0
Influenza and pneumonia,South Western Sydney,2014-2016,7.4
Influenza and pneumonia,South Western Sydney,2015-2017,8.7
Influenza and pneumonia,South Western Sydney,2016-2018,8.9
Influenza and pneumonia,South Western Sydney,2017-2019,9.2
Influenza and pneumonia,South Western Sydney,2018-2020,7.6
Influenza and pneumonia,South Western Sydney,2019-2021,6.7
Influenza and pneumonia,South Eastern Sydney,2001-2003,12.2
Influenza and pneumonia,South Eastern Sydney,2002-2004,13.2
Influenza and pneumonia,South Eastern Sydney,2003-2005,12.8
Influenza and pneumonia,South Eastern Sydney,2004-2006,10.9
Influenza and pneumonia,South Eastern Sydney,2005-2007,8.4
Influenza and pneumonia,South Eastern Sydney,2006-2008,6.7
Influenza and pneumonia,South Eastern Sydney,2007-2009,5.5
Influenza and pneumonia,South Eastern Sydney,2008-2010,5.7
Influenza and pneumonia,South Eastern Sydney,2009-2011,5.8
Influenza and pneumonia,South Eastern Sydney,2010-2012,6.8
Influenza and pneumonia,South Eastern Sydney,2011-2013,6.5
Influenza and pneumonia,South Eastern Sydney,2012-2014,7.2
Influenza and pneumonia,South Eastern Sydney,2013-2015,7.2
Influenza and pneumonia,South Eastern Sydney,2014-2016,7.6
Influenza and pneumonia,South Eastern Sydney,2015-2017,8.3
Influenza and pneumonia,South Eastern Sydney,2016-2018,8.3
Influenza and pneumonia,South Eastern Sydney,2017-2019,8.5
Influenza and pneumonia,South Eastern Sydney,2018-2020,6.5
Influenza and pneumonia,South Eastern Sydney,2019-2021,5.7
Influenza and pneumonia,Illawarra Shoalhaven,2001-2003,13.4
Influenza and pneumonia,Illawarra Shoalhaven,2002-2004,14.1
Influenza and pneumonia,Illawarra Shoalhaven,2003-2005,14.0
Influenza and pneumonia,Illawarra Shoalhaven,2004-2006,12.4
Influenza and pneumonia,Illawarra Shoalhaven,2005-2007,10.1
Influenza and pneumonia,Illawarra Shoalhaven,2006-2008,7.8
Influenza and pneumonia,Illawarra Shoalhaven,2007-2009,6.3
Influenza and pneumonia,Illawarra Shoalhaven,2008-2010,6.6
Influenza and pneumonia,Illawarra Shoalhaven,2009-2011,7.5
Influenza and pneumonia,Illawarra Shoalhaven,2010-2012,8.4
Influenza and pneumonia,Illawarra Shoalhaven,2011-2013,7.9
Influenza and pneumonia,Illawarra Shoalhaven,2012-2014,8.0
Influenza and pneumonia,Illawarra Shoalhaven,2013-2015,7.7
Influenza and pneumonia,Illawarra Shoalhaven,2014-2016,8.3
Influenza and pneumonia,Illawarra Shoalhaven,2015-2017,9.6
Influenza and pneumonia,Illawarra Shoalhaven,2016-2018,10.2
Influenza and pneumonia,Illawarra Shoalhaven,2017-2019,11.0
Influenza and pneumonia,Illawarra Shoalhaven,2018-2020,8.8
Influenza and pneumonia,Illawarra Shoalhaven,2019-2021,7.5
Influenza and pneumonia,Western Sydney,2001-2003,13.1
Influenza and pneumonia,Western Sydney,2002-2004,15.3
Influenza and pneumonia,Western Sydney,2003-2005,14.9
Influenza and pneumonia,Western Sydney,2004-2006,14.4
Influenza and pneumonia,Western Sydney,2005-2007,11.6
Influenza and pneumonia,Western Sydney,2006-2008,8.5
Influenza and pneumonia,Western Sydney,2007-2009,5.6
Influenza and pneumonia,Western Sydney,2008-2010,6.0
Influenza and pneumonia,Western Sydney,2009-2011,7.8
Influenza and pneumonia,Western Sydney,2010-2012,9.5
Influenza and pneumonia,Western Sydney,2011-2013,9.0
Influenza and pneumonia,Western Sydney,2012-2014,9.2
Influenza and pneumonia,Western Sydney,2013-2015,8.3
Influenza and pneumonia,Western Sydney,2014-2016,9.1
Influenza and pneumonia,Western Sydney,2015-2017,9.5
Influenza and pneumonia,Western Sydney,2016-2018,9.3
Influenza and pneumonia,Western Sydney,2017-2019,9.7
Influenza and pneumonia,Western Sydney,2018-2020,7.6
Influenza and pneumonia,Western Sydney,2019-2021,6.8
Influenza and pneumonia,Nepean Blue Mountains,2001-2003,14.8
Influenza and pneumonia,Nepean Blue Mountains,2002-2004,17.2
Influenza and pneumonia,Nepean Blue Mountains,2003-2005,17.9
Influenza and pneumonia,Nepean Blue Mountains,2004-2006,17.0
Influenza and pneumonia,Nepean Blue Mountains,2005-2007,12.8
Influenza and pneumonia,Nepean Blue Mountains,2006-2008,10.0
Influenza and pneumonia,Nepean Blue Mountains,2007-2009,7.8
Influenza and pneumonia,Nepean Blue Mountains,2008-2010,6.7
Influenza and pneumonia,Nepean Blue Mountains,2009-2011,8.1
Influenza and pneumonia,Nepean Blue Mountains,2010-2012,10.2
Influenza and pneumonia,Nepean Blue Mountains,2011-2013,11.7
Influenza and pneumonia,Nepean Blue Mountains,2012-2014,10.6
Influenza and pneumonia,Nepean Blue Mountains,2013-2015,11.1
Influenza and pneumonia,Nepean Blue Mountains,2014-2016,12.0
Influenza and pneumonia,Nepean Blue Mountains,2015-2017,13.7
Influenza and pneumonia,Nepean Blue Mountains,2016-2018,12.8
Influenza and pneumonia,Nepean Blue Mountains,2017-2019,11.7
Influenza and pneumonia,Nepean Blue Mountains,2018-2020,10.0
Influenza and pneumonia,Nepean Blue Mountains,2019-2021,8.6
Influenza and pneumonia,Northern Sydney,2001-2003,16.3
Influenza and pneumonia,Northern Sydney,2002-2004,18.0
Influenza and pneumonia,Northern Sydney,2003-2005,18.2
Influenza and pneumonia,Northern Sydney,2004-2006,15.8
Influenza and pneumonia,Northern Sydney,2005-2007,12.3
Influenza and pneumonia,Northern Sydney,2006-2008,9.7
Influenza and pneumonia,Northern Sydney,2007-2009,7.2
Influenza and pneumonia,Northern Sydney,2008-2010,7.7
Influenza and pneumonia,Northern Sydney,2009-2011,8.3
Influenza and pneumonia,Northern Sydney,2010-2012,9.3
Influenza and pneumonia,Northern Sydney,2011-2013,8.6
Influenza and pneumonia,Northern Sydney,2012-2014,8.4
Influenza and pneumonia,Northern Sydney,2013-2015,8.4
Influenza and pneumonia,Northern Sydney,2014-2016,8.9
Influenza and pneumonia,Northern Sydney,2015-2017,10.7
Influenza and pneumonia,Northern Sydney,2016-2018,10.5
Influenza and pneumonia,Northern Sydney,2017-2019,10.7
Influenza and pneumonia,Northern Sydney,2018-2020,8.3
Influenza and pneumonia,Northern Sydney,2019-2021,7.2
Influenza and pneumonia,Central Coast,2001-2003,14.4
Influenza and pneumonia,Central Coast,2002-2004,14.8
Influenza and pneumonia,Central Coast,2003-2005,15.0
Influenza and pneumonia,Central Coast,2004-2006,12.9
Influenza and pneumonia,Central Coast,2005-2007,10.8
Influenza and pneumonia,Central Coast,2006-2008,8.6
Influenza and pneumonia,Central Coast,2007-2009,7.6
Influenza and pneumonia,Central Coast,2008-2010,7.8
Influenza and pneumonia,Central Coast,2009-2011,8.4
Influenza and pneumonia,Central Coast,2010-2012,8.9
Influenza and pneumonia,Central Coast,2011-2013,7.8
Influenza and pneumonia,Central Coast,2012-2014,8.0
Influenza and pneumonia,Central Coast,2013-2015,8.9
Influenza and pneumonia,Central Coast,2014-2016,9.7
Influenza and pneumonia,Central Coast,2015-2017,11.3
Influenza and pneumonia,Central Coast,2016-2018,10.4
Influenza and pneumonia,Central Coast,2017-2019,11.3
Influenza and pneumonia,Central Coast,2018-2020,9.0
Influenza and pneumonia,Central Coast,2019-2021,7.8
Influenza and pneumonia,Hunter New England,2001-2003,13.9
Influenza and pneumonia,Hunter New England,2002-2004,16.2
Influenza and pneumonia,Hunter New England,2003-2005,16.1
Influenza and pneumonia,Hunter New England,2004-2006,15.8
Influenza and pneumonia,Hunter New England,2005-2007,12.3
Influenza and pneumonia,Hunter New England,2006-2008,9.7
Influenza and pneumonia,Hunter New England,2007-2009,7.4
Influenza and pneumonia,Hunter New England,2008-2010,7.5
Influenza and pneumonia,Hunter New England,2009-2011,7.9
Influenza and pneumonia,Hunter New England,2010-2012,9.0
Influenza and pneumonia,Hunter New England,2011-2013,9.1
Influenza and pneumonia,Hunter New England,2012-2014,9.9
Influenza and pneumonia,Hunter New England,2013-2015,9.3
Influenza and pneumonia,Hunter New England,2014-2016,9.2
Influenza and pneumonia,Hunter New England,2015-2017,10.9
Influenza and pneumonia,Hunter New England,2016-2018,11.4
Influenza and pneumonia,Hunter New England,2017-2019,12.0
Influenza and pneumonia,Hunter New England,2018-2020,8.3
Influenza and pneumonia,Hunter New England,2019-2021,6.8
Influenza and pneumonia,Northern NSW,2001-2003,14.0
Influenza and pneumonia,Northern NSW,2002-2004,14.2
Influenza and pneumonia,Northern NSW,2003-2005,12.9
Influenza and pneumonia,Northern NSW,2004-2006,10.8
Influenza and pneumonia,Northern NSW,2005-2007,9.7
Influenza and pneumonia,Northern NSW,2006-2008,8.3
Influenza and pneumonia,Northern NSW,2007-2009,6.6
Influenza and pneumonia,Northern NSW,2008-2010,5.3
Influenza and pneumonia,Northern NSW,2009-2011,5.9
Influenza and pneumonia,Northern NSW,2010-2012,6.3
Influenza and pneumonia,Northern NSW,2011-2013,7.4
Influenza and pneumonia,Northern NSW,2012-2014,7.5
Influenza and pneumonia,Northern NSW,2013-2015,8.4
Influenza and pneumonia,Northern NSW,2014-2016,8.5
Influenza and pneumonia,Northern NSW,2015-2017,9.4
Influenza and pneumonia,Northern NSW,2016-2018,8.7
Influenza and pneumonia,Northern NSW,2017-2019,8.9
Influenza and pneumonia,Northern NSW,2018-2020,7.0
Influenza and pneumonia,Northern NSW,2019-2021,5.8
Influenza and pneumonia,Mid North Coast,2001-2003,12.0
Influenza and pneumonia,Mid North Coast,2002-2004,13.7
Influenza and pneumonia,Mid North Coast,2003-2005,15.4
Influenza and pneumonia,Mid North Coast,2004-2006,14.7
Influenza and pneumonia,Mid North Coast,2005-2007,14.2
Influenza and pneumonia,Mid North Coast,2006-2008,10.9
Influenza and pneumonia,Mid North Coast,2007-2009,9.2
Influenza and pneumonia,Mid North Coast,2008-2010,8.8
Influenza and pneumonia,Mid North Coast,2009-2011,9.5
Influenza and pneumonia,Mid North Coast,2010-2012,10.1
Influenza and pneumonia,Mid North Coast,2011-2013,10.1
Influenza and pneumonia,Mid North Coast,2012-2014,10.2
Influenza and pneumonia,Mid North Coast,2013-2015,10.1
Influenza and pneumonia,Mid North Coast,2014-2016,8.8
Influenza and pneumonia,Mid North Coast,2015-2017,8.9
Influenza and pneumonia,Mid North Coast,2016-2018,7.9
Influenza and pneumonia,Mid North Coast,2017-2019,8.9
Influenza and pneumonia,Mid North Coast,2018-2020,7.8
Influenza and pneumonia,Mid North Coast,2019-2021,6.4
Influenza and pneumonia,Southern NSW,2001-2003,16.0
Influenza and pneumonia,Southern NSW,2002-2004,18.2
Influenza and pneumonia,Southern NSW,2003-2005,19.2
Influenza and pneumonia,Southern NSW,2004-2006,16.7
Influenza and pneumonia,Southern NSW,2005-2007,12.9
Influenza and pneumonia,Southern NSW,2006-2008,12.4
Influenza and pneumonia,Southern NSW,2007-2009,11.5
Influenza and pneumonia,Southern NSW,2008-2010,11.0
Influenza and pneumonia,Southern NSW,2009-2011,9.7
Influenza and pneumonia,Southern NSW,2010-2012,10.9
Influenza and pneumonia,Southern NSW,2011-2013,10.7
Influenza and pneumonia,Southern NSW,2012-2014,11.9
Influenza and pneumonia,Southern NSW,2013-2015,10.1
Influenza and pneumonia,Southern NSW,2014-2016,10.3
Influenza and pneumonia,Southern NSW,2015-2017,12.1
Influenza and pneumonia,Southern NSW,2016-2018,12.4
Influenza and pneumonia,Southern NSW,2017-2019,12.4
Influenza and pneumonia,Southern NSW,2018-2020,8.2
Influenza and pneumonia,Southern NSW,2019-2021,6.1
Influenza and pneumonia,Murrumbidgee,2001-2003,18.4
Influenza and pneumonia,Murrumbidgee,2002-2004,18.1
Influenza and pneumonia,Murrumbidgee,2003-2005,17.5
Influenza and pneumonia,Murrumbidgee,2004-2006,14.6
Influenza and pneumonia,Murrumbidgee,2005-2007,13.3
Influenza and pneumonia,Murrumbidgee,2006-2008,11.4
Influenza and pneumonia,Murrumbidgee,2007-2009,9.5
Influenza and pneumonia,Murrumbidgee,2008-2010,9.5
Influenza and pneumonia,Murrumbidgee,2009-2011,9.2
Influenza and pneumonia,Murrumbidgee,2010-2012,10.1
Influenza and pneumonia,Murrumbidgee,2011-2013,8.9
Influenza and pneumonia,Murrumbidgee,2012-2014,8.8
Influenza and pneumonia,Murrumbidgee,2013-2015,8.8
Influenza and pneumonia,Murrumbidgee,2014-2016,10.0
Influenza and pneumonia,Murrumbidgee,2015-2017,11.3
Influenza and pneumonia,Murrumbidgee,2016-2018,10.3
Influenza and pneumonia,Murrumbidgee,2017-2019,10.2
Influenza and pneumonia,Murrumbidgee,2018-2020,7.2
Influenza and pneumonia,Murrumbidgee,2019-2021,7.1
Influenza and pneumonia,Western NSW,2001-2003,15.3
Influenza and pneumonia,Western NSW,2002-2004,17.6
Influenza and pneumonia,Western NSW,2003-2005,17.2
Influenza and pneumonia,Western NSW,2004-2006,15.8
Influenza and pneumonia,Western NSW,2005-2007,11.7
Influenza and pneumonia,Western NSW,2006-2008,9.7
Influenza and pneumonia,Western NSW,2007-2009,8.1
Influenza and pneumonia,Western NSW,2008-2010,9.4
Influenza and pneumonia,Western NSW,2009-2011,9.8
Influenza and pneumonia,Western NSW,2010-2012,9.5
Influenza and pneumonia,Western NSW,2011-2013,7.8
Influenza and pneumonia,Western NSW,2012-2014,8.5
Influenza and pneumonia,Western NSW,2013-2015,8.1
Influenza and pneumonia,Western NSW,2014-2016,10.9
Influenza and pneumonia,Western NSW,2015-2017,12.7
Influenza and pneumonia,Western NSW,2016-2018,13.2
Influenza and pneumonia,Western NSW,2017-2019,13.4
Influenza and pneumonia,Western NSW,2018-2020,10.3
Influenza and pneumonia,Western NSW,2019-2021,9.3
Influenza and pneumonia,Far West,2001-2003,12.9
Influenza and pneumonia,Far West,2002-2004,14.3
Influenza and pneumonia,Far West,2003-2005,17.2
Influenza and pneumonia,Far West,2004-2006,15.7
Influenza and pneumonia,Far West,2005-2007,14.6
Influenza and pneumonia,Far West,2006-2008,7.9
Influenza and pneumonia,Far West,2007-2009,5.3
Influenza and pneumonia,Far West,2008-2010,3.5
Influenza and pneumonia,Far West,2009-2011,7.3
Influenza and pneumonia,Far West,2010-2012,9.8
Influenza and pneumonia,Far West,2011-2013,11.7
Influenza and pneumonia,Far West,2012-2014,10.0
Influenza and pneumonia,Far West,2013-2015,10.2
Influenza and pneumonia,Far West,2014-2016,10.6
Influenza and pneumonia,Far West,2015-2017,12.4
Influenza and pneumonia,Far West,2016-2018,12.6
Influenza and pneumonia,Far West,2017-2019,12.3
Influenza and pneumonia,Far West,2018-2020,12.8
Influenza and pneumonia,Far West,2019-2021,12.2
Asthma,Sydney,2001-2003,1.5
Asthma,Sydney,2002-2004,1.8
Asthma,Sydney,2003-2005,1.5
Asthma,Sydney,2004-2006,2.0
Asthma,Sydney,2005-2007,2.0
Asthma,Sydney,2006-2008,2.1
Asthma,Sydney,2007-2009,1.8
Asthma,Sydney,2008-2010,1.5
Asthma,Sydney,2009-2011,1.3
Asthma,Sydney,2010-2012,1.4
Asthma,Sydney,2011-2013,1.6
Asthma,Sydney,2012-2014,2.4
Asthma,Sydney,2013-2015,1.9
Asthma,Sydney,2014-2016,1.5
Asthma,Sydney,2015-2017,0.8
Asthma,Sydney,2016-2018,0.7
Asthma,Sydney,2017-2019,1.0
Asthma,Sydney,2018-2020,1.1
Asthma,Sydney,2019-2021,1.3
Asthma,South Western Sydney,2001-2003,2.3
Asthma,South Western Sydney,2002-2004,2.2
Asthma,South Western Sydney,2003-2005,1.6
Asthma,South Western Sydney,2004-2006,1.7
Asthma,South Western Sydney,2005-2007,1.8
Asthma,South Western Sydney,2006-2008,2.5
Asthma,South Western Sydney,2007-2009,2.1
Asthma,South Western Sydney,2008-2010,2.0
Asthma,South Western Sydney,2009-2011,1.6
Asthma,South Western Sydney,2010-2012,1.4
Asthma,South Western Sydney,2011-2013,1.5
Asthma,South Western Sydney,2012-2014,1.4
Asthma,South Western Sydney,2013-2015,1.5
Asthma,South Western Sydney,2014-2016,1.5
Asthma,South Western Sydney,2015-2017,2.0
Asthma,South Western Sydney,2016-2018,2.1
Asthma,South Western Sydney,2017-2019,2.3
Asthma,South Western Sydney,2018-2020,1.8
Asthma,South Western Sydney,2019-2021,1.6
Asthma,South Eastern Sydney,2001-2003,1.9
Asthma,South Eastern Sydney,2002-2004,2.1
Asthma,South Eastern Sydney,2003-2005,1.4
Asthma,South Eastern Sydney,2004-2006,1.5
Asthma,South Eastern Sydney,2005-2007,1.3
Asthma,South Eastern Sydney,2006-2008,1.6
Asthma,South Eastern Sydney,2007-2009,1.7
Asthma,South Eastern Sydney,2008-2010,1.7
Asthma,South Eastern Sydney,2009-2011,1.5
Asthma,South Eastern Sydney,2010-2012,1.3
Asthma,South Eastern Sydney,2011-2013,1.2
Asthma,South Eastern Sydney,2012-2014,1.1
Asthma,South Eastern Sydney,2013-2015,1.0
Asthma,South Eastern Sydney,2014-2016,1.0
Asthma,South Eastern Sydney,2015-2017,1.2
Asthma,South Eastern Sydney,2016-2018,1.4
Asthma,South Eastern Sydney,2017-2019,1.3
Asthma,South Eastern Sydney,2018-2020,1.3
Asthma,South Eastern Sydney,2019-2021,1.1
Asthma,Illawarra Shoalhaven,2001-2003,1.7
Asthma,Illawarra Shoalhaven,2002-2004,1.3
Asthma,Illawarra Shoalhaven,2003-2005,1.2
Asthma,Illawarra Shoalhaven,2004-2006,1.7
Asthma,Illawarra Shoalhaven,2005-2007,1.8
Asthma,Illawarra Shoalhaven,2006-2008,1.8
Asthma,Illawarra Shoalhaven,2007-2009,1.4
Asthma,Illawarra Shoalhaven,2008-2010,1.3
Asthma,Illawarra Shoalhaven,2009-2011,1.3
Asthma,Illawarra Shoalhaven,2010-2012,1.5
Asthma,Illawarra Shoalhaven,2011-2013,1.4
Asthma,Illawarra Shoalhaven,2012-2014,1.5
Asthma,Illawarra Shoalhaven,2013-2015,1.3
Asthma,Illawarra Shoalhaven,2014-2016,1.3
Asthma,Illawarra Shoalhaven,2015-2017,1.5
Asthma,Illawarra Shoalhaven,2016-2018,1.5
Asthma,Illawarra Shoalhaven,2017-2019,1.4
Asthma,Illawarra Shoalhaven,2018-2020,1.1
Asthma,Illawarra Shoalhaven,2019-2021,1.1
Asthma,Western Sydney,2001-2003,1.3
Asthma,Western Sydney,2002-2004,1.4
Asthma,Western Sydney,2003-2005,1.6
Asthma,Western Sydney,2004-2006,2.2
Asthma,Western Sydney,2005-2007,2.3
Asthma,Western Sydney,2006-2008,2.3
Asthma,Western Sydney,2007-2009,2.0
Asthma,Western Sydney,2008-2010,1.8
Asthma,Western Sydney,2009-2011,1.5
Asthma,Western Sydney,2010-2012,1.7
Asthma,Western Sydney,2011-2013,1.6
Asthma,Western Sydney,2012-2014,1.7
Asthma,Western Sydney,2013-2015,1.6
Asthma,Western Sydney,2014-2016,2.0
Asthma,Western Sydney,2015-2017,2.0
Asthma,Western Sydney,2016-2018,2.1
Asthma,Western Sydney,2017-2019,1.5
Asthma,Western Sydney,2018-2020,1.4
Asthma,Western Sydney,2019-2021,1.3
Asthma,Nepean Blue Mountains,2001-2003,2.0
Asthma,Nepean Blue Mountains,2002-2004,2.2
Asthma,Nepean Blue Mountains,2003-2005,2.8
Asthma,Nepean Blue Mountains,2004-2006,2.6
Asthma,Nepean Blue Mountains,2005-2007,2.2
Asthma,Nepean Blue Mountains,2006-2008,1.5
Asthma,Nepean Blue Mountains,2007-2009,1.7
Asthma,Nepean Blue Mountains,2008-2010,1.9
Asthma,Nepean Blue Mountains,2009-2011,2.3
Asthma,Nepean Blue Mountains,2010-2012,1.9
Asthma,Nepean Blue Mountains,2011-2013,2.0
Asthma,Nepean Blue Mountains,2012-2014,1.7
Asthma,Nepean Blue Mountains,2013-2015,2.1
Asthma,Nepean Blue Mountains,2014-2016,1.9
Asthma,Nepean Blue Mountains,2015-2017,2.1
Asthma,Nepean Blue Mountains,2016-2018,2.5
Asthma,Nepean Blue Mountains,2017-2019,2.3
Asthma,Nepean Blue Mountains,2018-2020,2.0
Asthma,Nepean Blue Mountains,2019-2021,1.1
Asthma,Northern Sydney,2001-2003,1.4
Asthma,Northern Sydney,2002-2004,1.0
Asthma,Northern Sydney,2003-2005,1.0
Asthma,Northern Sydney,2004-2006,0.9
Asthma,Northern Sydney,2005-2007,1.0
Asthma,Northern Sydney,2006-2008,1.2
Asthma,Northern Sydney,2007-2009,1.3
Asthma,Northern Sydney,2008-2010,1.4
Asthma,Northern Sydney,2009-2011,1.2
Asthma,Northern Sydney,2010-2012,1.0
Asthma,Northern Sydney,2011-2013,0.8
Asthma,Northern Sydney,2012-2014,0.6
Asthma,Northern Sydney,2013-2015,1.0
Asthma,Northern Sydney,2014-2016,1.2
Asthma,Northern Sydney,2015-2017,1.4
Asthma,Northern Sydney,2016-2018,1.1
Asthma,Northern Sydney,2017-2019,0.7
Asthma,Northern Sydney,2018-2020,0.5
Asthma,Northern Sydney,2019-2021,0.7
Asthma,Central Coast,2001-2003,2.0
Asthma,Central Coast,2002-2004,2.0
Asthma,Central Coast,2003-2005,1.9
Asthma,Central Coast,2004-2006,2.2
Asthma,Central Coast,2005-2007,1.9
Asthma,Central Coast,2006-2008,1.9
Asthma,Central Coast,2007-2009,1.6
Asthma,Central Coast,2008-2010,1.9
Asthma,Central Coast,2009-2011,1.8
Asthma,Central Coast,2010-2012,1.6
Asthma,Central Coast,2011-2013,1.2
Asthma,Central Coast,2012-2014,1.2
Asthma,Central Coast,2013-2015,1.2
Asthma,Central Coast,2014-2016,1.5
Asthma,Central Coast,2015-2017,1.4
Asthma,Central Coast,2016-2018,1.4
Asthma,Central Coast,2017-2019,1.3
Asthma,Central Coast,2018-2020,1.4
Asthma,Central Coast,2019-2021,1.2
Asthma,Hunter New England,2001-2003,2.3
Asthma,Hunter New England,2002-2004,1.9
Asthma,Hunter New England,2003-2005,1.6
Asthma,Hunter New England,2004-2006,1.4
Asthma,Hunter New England,2005-2007,1.7
Asthma,Hunter New England,2006-2008,1.7
Asthma,Hunter New England,2007-2009,1.9
Asthma,Hunter New England,2008-2010,1.8
Asthma,Hunter New England,2009-2011,1.7
Asthma,Hunter New England,2010-2012,1.4
Asthma,Hunter New England,2011-2013,1.1
Asthma,Hunter New England,2012-2014,1.2
Asthma,Hunter New England,2013-2015,1.4
Asthma,Hunter New England,2014-2016,1.9
Asthma,Hunter New England,2015-2017,2.2
Asthma,Hunter New England,2016-2018,2.0
Asthma,Hunter New England,2017-2019,1.9
Asthma,Hunter New England,2018-2020,1.6
Asthma,Hunter New England,2019-2021,1.6
Asthma,Northern NSW,2001-2003,0.9
Asthma,Northern NSW,2002-2004,1.3
Asthma,Northern NSW,2003-2005,1.4
Asthma,Northern NSW,2004-2006,1.6
Asthma,Northern NSW,2005-2007,1.9
Asthma,Northern NSW,2006-2008,1.5
Asthma,Northern NSW,2007-2009,1.6
Asthma,Northern NSW,2008-2010,1.1
Asthma,Northern NSW,2009-2011,1.3
Asthma,Northern NSW,2010-2012,1.7
Asthma,Northern NSW,2011-2013,1.9
Asthma,Northern NSW,2012-2014,1.9
Asthma,Northern NSW,2013-2015,1.8
Asthma,Northern NSW,2014-2016,1.5
Asthma,Northern NSW,2015-2017,1.8
Asthma,Northern NSW,2016-2018,2.0
Asthma,Northern NSW,2017-2019,2.7
Asthma,Northern NSW,2018-2020,2.7
Asthma,Northern NSW,2019-2021,2.0
Asthma,Mid North Coast,2001-2003,1.4
Asthma,Mid North Coast,2002-2004,1.0
Asthma,Mid North Coast,2003-2005,1.7
Asthma,Mid North Coast,2004-2006,2.1
Asthma,Mid North Coast,2005-2007,2.2
Asthma,Mid North Coast,2006-2008,1.9
Asthma,Mid North Coast,2007-2009,1.4
Asthma,Mid North Coast,2008-2010,1.7
Asthma,Mid North Coast,2009-2011,1.3
Asthma,Mid North Coast,2010-2012,2.1
Asthma,Mid North Coast,2011-2013,1.9
Asthma,Mid North Coast,2012-2014,2.3
Asthma,Mid North Coast,2013-2015,1.6
Asthma,Mid North Coast,2014-2016,1.4
Asthma,Mid North Coast,2015-2017,0.8
Asthma,Mid North Coast,2016-2018,0.9
Asthma,Mid North Coast,2017-2019,1.2
Asthma,Mid North Coast,2018-2020,1.7
Asthma,Mid North Coast,2019-2021,1.7
Asthma,Southern NSW,2001-2003,1.9
Asthma,Southern NSW,2002-2004,1.6
Asthma,Southern NSW,2003-2005,1.1
Asthma,Southern NSW,2004-2006,1.6
Asthma,Southern NSW,2005-2007,1.5
Asthma,Southern NSW,2006-2008,1.8
Asthma,Southern NSW,2007-2009,1.9
Asthma,Southern NSW,2008-2010,2.1
Asthma,Southern NSW,2009-2011,1.6
Asthma,Southern NSW,2010-2012,1.8
Asthma,Southern NSW,2011-2013,1.5
Asthma,Southern NSW,2012-2014,2.3
Asthma,Southern NSW,2013-2015,1.8
Asthma,Southern NSW,2014-2016,1.8
Asthma,Southern NSW,2015-2017,1.7
Asthma,Southern NSW,2016-2018,1.5
Asthma,Southern NSW,2017-2019,1.3
Asthma,Southern NSW,2018-2020,1.2
Asthma,Southern NSW,2019-2021,1.0
Asthma,Murrumbidgee,2001-2003,3.2
Asthma,Murrumbidgee,2002-2004,3.2
Asthma,Murrumbidgee,2003-2005,3.1
Asthma,Murrumbidgee,2004-2006,2.7
Asthma,Murrumbidgee,2005-2007,2.4
Asthma,Murrumbidgee,2006-2008,2.0
Asthma,Murrumbidgee,2007-2009,1.6
Asthma,Murrumbidgee,2008-2010,1.9
Asthma,Murrumbidgee,2009-2011,1.7
Asthma,Murrumbidgee,2010-2012,1.8
Asthma,Murrumbidgee,2011-2013,1.8
Asthma,Murrumbidgee,2012-2014,1.8
Asthma,Murrumbidgee,2013-2015,1.9
Asthma,Murrumbidgee,2014-2016,2.0
Asthma,Murrumbidgee,2015-2017,2.2
Asthma,Murrumbidgee,2016-2018,2.6
Asthma,Murrumbidgee,2017-2019,2.7
Asthma,Murrumbidgee,2018-2020,3.0
Asthma,Murrumbidgee,2019-2021,2.7
Asthma,Western NSW,2001-2003,2.8
Asthma,Western NSW,2002-2004,1.9
Asthma,Western NSW,2003-2005,1.4
Asthma,Western NSW,2004-2006,1.7
Asthma,Western NSW,2005-2007,2.1
Asthma,Western NSW,2006-2008,2.2
Asthma,Western NSW,2007-2009,1.9
Asthma,Western NSW,2008-2010,2.4
Asthma,Western NSW,2009-2011,2.5
Asthma,Western NSW,2010-2012,2.3
Asthma,Western NSW,2011-2013,2.0
Asthma,Western NSW,2012-2014,2.3
Asthma,Western NSW,2013-2015,2.8
Asthma,Western NSW,2014-2016,2.8
Asthma,Western NSW,2015-2017,2.2
Asthma,Western NSW,2016-2018,2.6
Asthma,Western NSW,2017-2019,2.4
Asthma,Western NSW,2018-2020,2.8
Asthma,Western NSW,2019-2021,2.5
Asthma,Far West,2001-2003,0.9
Asthma,Far West,2002-2004,1.8
Asthma,Far West,2003-2005,2.5
Asthma,Far West,2004-2006,1.6
Asthma,Far West,2005-2007,1.6
Asthma,Far West,2006-2008,1.5
Asthma,Far West,2007-2009,2.9
Asthma,Far West,2008-2010,2.9
Asthma,Far West,2009-2011,2.8
Asthma,Far West,2010-2012,2.5
Asthma,Far West,2011-2013,1.9
Asthma,Far West,2012-2014,1.2
Asthma,Far West,2013-2015,0.0
Asthma,Far West,2014-2016,0.0
Asthma,Far West,2015-2017,0.0
Asthma,Far West,2016-2018,1.5
Asthma,Far West,2017-2019,1.5
Asthma,Far West,2018-2020,3.7
Asthma,Far West,2019-2021,3.1
Chronic obstructive pulmonary disease,Sydney,2001-2003,26.2
Chronic obstructive pulmonary disease,Sydney,2002-2004,25.7
Chronic obstructive pulmonary disease,Sydney,2003-2005,24.1
Chronic obstructive pulmonary disease,Sydney,2004-2006,22.3
Chronic obstructive pulmonary disease,Sydney,2005-2007,20.0
Chronic obstructive pulmonary disease,Sydney,2006-2008,18.7
Chronic obstructive pulmonary disease,Sydney,2007-2009,17.6
Chronic obstructive pulmonary disease,Sydney,2008-2010,16.3
Chronic obstructive pulmonary disease,Sydney,2009-2011,16.8
Chronic obstructive pulmonary disease,Sydney,2010-2012,17.9
Chronic obstructive pulmonary disease,Sydney,2011-2013,18.9
Chronic obstructive pulmonary disease,Sydney,2012-2014,19.7
Chronic obstructive pulmonary disease,Sydney,2013-2015,18.9
Chronic obstructive pulmonary disease,Sydney,2014-2016,18.1
Chronic obstructive pulmonary disease,Sydney,2015-2017,17.4
Chronic obstructive pulmonary disease,Sydney,2016-2018,17.1
Chronic obstructive pulmonary disease,Sydney,2017-2019,17.1
Chronic obstructive pulmonary disease,Sydney,2018-2020,15.4
Chronic obstructive pulmonary disease,Sydney,2019-2021,15.4
Chronic obstructive pulmonary disease,South Western Sydney,2001-2003,27.8
Chronic obstructive pulmonary disease,South Western Sydney,2002-2004,26.2
Chronic obstructive pulmonary disease,South Western Sydney,2003-2005,24.0
Chronic obstructive pulmonary disease,South Western Sydney,2004-2006,24.9
Chronic obstructive pulmonary disease,South Western Sydney,2005-2007,24.2
Chronic obstructive pulmonary disease,South Western Sydney,2006-2008,24.2
Chronic obstructive pulmonary disease,South Western Sydney,2007-2009,23.2
Chronic obstructive pulmonary disease,South Western Sydney,2008-2010,22.2
Chronic obstructive pulmonary disease,South Western Sydney,2009-2011,22.7
Chronic obstructive pulmonary disease,South Western Sydney,2010-2012,22.6
Chronic obstructive pulmonary disease,South Western Sydney,2011-2013,23.9
Chronic obstructive pulmonary disease,South Western Sydney,2012-2014,23.8
Chronic obstructive pulmonary disease,South Western Sydney,2013-2015,23.9
Chronic obstructive pulmonary disease,South Western Sydney,2014-2016,24.4
Chronic obstructive pulmonary disease,South Western Sydney,2015-2017,25.7
Chronic obstructive pulmonary disease,South Western Sydney,2016-2018,24.7
Chronic obstructive pulmonary disease,South Western Sydney,2017-2019,23.0
Chronic obstructive pulmonary disease,South Western Sydney,2018-2020,20.2
Chronic obstructive pulmonary disease,South Western Sydney,2019-2021,19.5
Chronic obstructive pulmonary disease,South Eastern Sydney,2001-2003,18.9
Chronic obstructive pulmonary disease,South Eastern Sydney,2002-2004,18.4
Chronic obstructive pulmonary disease,South Eastern Sydney,2003-2005,16.6
Chronic obstructive pulmonary disease,South Eastern Sydney,2004-2006,14.5
Chronic obstructive pulmonary disease,South Eastern Sydney,2005-2007,15.2
Chronic obstructive pulmonary disease,South Eastern Sydney,2006-2008,16.4
Chronic obstructive pulmonary disease,South Eastern Sydney,2007-2009,16.9
Chronic obstructive pulmonary disease,South Eastern Sydney,2008-2010,16.5
Chronic obstructive pulmonary disease,South Eastern Sydney,2009-2011,15.4
Chronic obstructive pulmonary disease,South Eastern Sydney,2010-2012,15.3
Chronic obstructive pulmonary disease,South Eastern Sydney,2011-2013,15.9
Chronic obstructive pulmonary disease,South Eastern Sydney,2012-2014,16.6
Chronic obstructive pulmonary disease,South Eastern Sydney,2013-2015,16.8
Chronic obstructive pulmonary disease,South Eastern Sydney,2014-2016,16.0
Chronic obstructive pulmonary disease,South Eastern Sydney,2015-2017,16.9
Chronic obstructive pulmonary disease,South Eastern Sydney,2016-2018,16.3
Chronic obstructive pulmonary disease,South Eastern Sydney,2017-2019,15.8
Chronic obstructive pulmonary disease,South Eastern Sydney,2018-2020,14.6
Chronic obstructive pulmonary disease,South Eastern Sydney,2019-2021,13.8
Chronic obstructive pulmonary disease,Illawarra Shoalhaven,2001-2003,26.9
Chronic obstructive pulmonary disease,Illawarra Shoalhaven,2002-2004,27.4
Chronic obstructive pulmonary disease,Illawarra Shoalhaven,2003-2005,27.1
Chronic obstructive pulmonary disease,Illawarra Shoalhaven,2004-2006,25.0
Chronic obstructive pulmonary disease,Illawarra Shoalhaven,2005-2007,23.2
Chronic obstructive pulmonary disease,Illawarra Shoalhaven,2006-2008,22.2
Chronic obstructive pulmonary disease,Illawarra Shoalhaven,2007-2009,21.5
Chronic obstructive pulmonary disease,Illawarra Shoalhaven,2008-2010,21.3
Chronic obstructive pulmonary disease,Illawarra Shoalhaven,2009-2011,22.6
Chronic obstructive pulmonary disease,Illawarra Shoalhaven,2010-2012,24.2
Chronic obstructive pulmonary disease,Illawarra Shoalhaven,2011-2013,26.5
Chronic obstructive pulmonary disease,Illawarra Shoalhaven,2012-2014,27.7
Chronic obstructive pulmonary disease,Illawarra Shoalhaven,2013-2015,28.5
Chronic obstructive pulmonary disease,Illawarra Shoalhaven,2014-2016,29.7
Chronic obstructive pulmonary disease,Illawarra Shoalhaven,2015-2017,29.4
Chronic obstructive pulmonary disease,Illawarra Shoalhaven,2016-2018,28.5
Chronic obstructive pulmonary disease,Illawarra Shoalhaven,2017-2019,27.2
Chronic obstructive pulmonary disease,Illawarra Shoalhaven,2018-2020,26.3
Chronic obstructive pulmonary disease,Illawarra Shoalhaven,2019-2021,26.8
Chronic obstructive pulmonary disease,Western Sydney,2001-2003,27.6
Chronic obstructive pulmonary disease,Western Sydney,2002-2004,28.6
Chronic obstructive pulmonary disease,Western Sydney,2003-2005,26.0
Chronic obstructive pulmonary disease,Western Sydney,2004-2006,23.8
Chronic obstructive pulmonary disease,Western Sydney,2005-2007,21.6
Chronic obstructive pulmonary disease,Western Sydney,2006-2008,21.3
Chronic obstructive pulmonary disease,Western Sydney,2007-2009,21.8
Chronic obstructive pulmonary disease,Western Sydney,2008-2010,20.1
Chronic obstructive pulmonary disease,Western Sydney,2009-2011,20.5
Chronic obstructive pulmonary disease,Western Sydney,2010-2012,19.7
Chronic obstructive pulmonary disease,Western Sydney,2011-2013,20.7
Chronic obstructive pulmonary disease,Western Sydney,2012-2014,21.3
Chronic obstructive pulmonary disease,Western Sydney,2013-2015,22.3
Chronic obstructive pulmonary disease,Western Sydney,2014-2016,23.0
Chronic obstructive pulmonary disease,Western Sydney,2015-2017,23.1
Chronic obstructive pulmonary disease,Western Sydney,2016-2018,20.9
Chronic obstructive pulmonary disease,Western Sydney,2017-2019,20.3
Chronic obstructive pulmonary disease,Western Sydney,2018-2020,17.6
Chronic obstructive pulmonary disease,Western Sydney,2019-2021,18.3
Chronic obstructive pulmonary disease,Nepean Blue Mountains,2001-2003,29.0
Chronic obstructive pulmonary disease,Nepean Blue Mountains,2002-2004,29.8
Chronic obstructive pulmonary disease,Nepean Blue Mountains,2003-2005,30.1
Chronic obstructive pulmonary disease,Nepean Blue Mountains,2004-2006,27.3
Chronic obstructive pulmonary disease,Nepean Blue Mountains,2005-2007,26.6
Chronic obstructive pulmonary disease,Nepean Blue Mountains,2006-2008,25.3
Chronic obstructive pulmonary disease,Nepean Blue Mountains,2007-2009,26.0
Chronic obstructive pulmonary disease,Nepean Blue Mountains,2008-2010,24.7
Chronic obstructive pulmonary disease,Nepean Blue Mountains,2009-2011,25.4
Chronic obstructive pulmonary disease,Nepean Blue Mountains,2010-2012,25.7
Chronic obstructive pulmonary disease,Nepean Blue Mountains,2011-2013,27.8
Chronic obstructive pulmonary disease,Nepean Blue Mountains,2012-2014,28.3
Chronic obstructive pulmonary disease,Nepean Blue Mountains,2013-2015,30.2
Chronic obstructive pulmonary disease,Nepean Blue Mountains,2014-2016,31.1
Chronic obstructive pulmonary disease,Nepean Blue Mountains,2015-2017,32.6
Chronic obstructive pulmonary disease,Nepean Blue Mountains,2016-2018,29.8
Chronic obstructive pulmonary disease,Nepean Blue Mountains,2017-2019,27.7
Chronic obstructive pulmonary disease,Nepean Blue Mountains,2018-2020,23.6
Chronic obstructive pulmonary disease,Nepean Blue Mountains,2019-2021,22.2
Chronic obstructive pulmonary disease,Northern Sydney,2001-2003,19.5
Chronic obstructive pulmonary disease,Northern Sydney,2002-2004,19.1
Chronic obstructive pulmonary disease,Northern Sydney,2003-2005,16.3
Chronic obstructive pulmonary disease,Northern Sydney,2004-2006,14.3
Chronic obstructive pulmonary disease,Northern Sydney,2005-2007,13.1
Chronic obstructive pulmonary disease,Northern Sydney,2006-2008,14.1
Chronic obstructive pulmonary disease,Northern Sydney,2007-2009,14.0
Chronic obstructive pulmonary disease,Northern Sydney,2008-2010,13.8
Chronic obstructive pulmonary disease,Northern Sydney,2009-2011,13.2
Chronic obstructive pulmonary disease,Northern Sydney,2010-2012,13.8
Chronic obstructive pulmonary disease,Northern Sydney,2011-2013,13.4
Chronic obstructive pulmonary disease,Northern Sydney,2012-2014,13.3
Chronic obstructive pulmonary disease,Northern Sydney,2013-2015,12.7
Chronic obstructive pulmonary disease,Northern Sydney,2014-2016,13.1
Chronic obstructive pulmonary disease,Northern Sydney,2015-2017,12.8
Chronic obstructive pulmonary disease,Northern Sydney,2016-2018,12.2
Chronic obstructive pulmonary disease,Northern Sydney,2017-2019,11.1
Chronic obstructive pulmonary disease,Northern Sydney,2018-2020,10.1
Chronic obstructive pulmonary disease,Northern Sydney,2019-2021,9.7
Chronic obstructive pulmonary disease,Central Coast,2001-2003,32.6
Chronic obstructive pulmonary disease,Central Coast,2002-2004,30.9
Chronic obstructive pulmonary disease,Central Coast,2003-2005,27.6
Chronic obstructive pulmonary disease,Central Coast,2004-2006,27.9
Chronic obstructive pulmonary disease,Central Coast,2005-2007,28.9
Chronic obstructive pulmonary disease,Central Coast,2006-2008,30.2
Chronic obstructive pulmonary disease,Central Coast,2007-2009,30.4
Chronic obstructive pulmonary disease,Central Coast,2008-2010,28.7
Chronic obstructive pulmonary disease,Central Coast,2009-2011,26.2
Chronic obstructive pulmonary disease,Central Coast,2010-2012,27.7
Chronic obstructive pulmonary disease,Central Coast,2011-2013,29.2
Chronic obstructive pulmonary disease,Central Coast,2012-2014,31.8
Chronic obstructive pulmonary disease,Central Coast,2013-2015,32.3
Chronic obstructive pulmonary disease,Central Coast,2014-2016,32.8
Chronic obstructive pulmonary disease,Central Coast,2015-2017,34.9
Chronic obstructive pulmonary disease,Central Coast,2016-2018,35.2
Chronic obstructive pulmonary disease,Central Coast,2017-2019,36.3
Chronic obstructive pulmonary disease,Central Coast,2018-2020,32.6
Chronic obstructive pulmonary disease,Central Coast,2019-2021,30.9
Chronic obstructive pulmonary disease,Hunter New England,2001-2003,30.5
Chronic obstructive pulmonary disease,Hunter New England,2002-2004,28.4
Chronic obstructive pulmonary disease,Hunter New England,2003-2005,26.0
Chronic obstructive pulmonary disease,Hunter New England,2004-2006,25.1
Chronic obstructive pulmonary disease,Hunter New England,2005-2007,24.8
Chronic obstructive pulmonary disease,Hunter New England,2006-2008,24.9
Chronic obstructive pulmonary disease,Hunter New England,2007-2009,24.7
Chronic obstructive pulmonary disease,Hunter New England,2008-2010,24.6
Chronic obstructive pulmonary disease,Hunter New England,2009-2011,24.3
Chronic obstructive pulmonary disease,Hunter New England,2010-2012,25.0
Chronic obstructive pulmonary disease,Hunter New England,2011-2013,26.3
Chronic obstructive pulmonary disease,Hunter New England,2012-2014,28.0
Chronic obstructive pulmonary disease,Hunter New England,2013-2015,28.6
Chronic obstructive pulmonary disease,Hunter New England,2014-2016,29.2
Chronic obstructive pulmonary disease,Hunter New England,2015-2017,30.2
Chronic obstructive pulmonary disease,Hunter New England,2016-2018,29.6
Chronic obstructive pulmonary disease,Hunter New England,2017-2019,29.3
Chronic obstructive pulmonary disease,Hunter New England,2018-2020,26.9
Chronic obstructive pulmonary disease,Hunter New England,2019-2021,26.4
Chronic obstructive pulmonary disease,Northern NSW,2001-2003,27.1
Chronic obstructive pulmonary disease,Northern NSW,2002-2004,27.3
Chronic obstructive pulmonary disease,Northern NSW,2003-2005,26.5
Chronic obstructive pulmonary disease,Northern NSW,2004-2006,23.9
Chronic obstructive pulmonary disease,Northern NSW,2005-2007,22.2
Chronic obstructive pulmonary disease,Northern NSW,2006-2008,21.2
Chronic obstructive pulmonary disease,Northern NSW,2007-2009,21.4
Chronic obstructive pulmonary disease,Northern NSW,2008-2010,21.1
Chronic obstructive pulmonary disease,Northern NSW,2009-2011,22.7
Chronic obstructive pulmonary disease,Northern NSW,2010-2012,23.4
Chronic obstructive pulmonary disease,Northern NSW,2011-2013,24.5
Chronic obstructive pulmonary disease,Northern NSW,2012-2014,23.0
Chronic obstructive pulmonary disease,Northern NSW,2013-2015,23.0
Chronic obstructive pulmonary disease,Northern NSW,2014-2016,24.2
Chronic obstructive pulmonary disease,Northern NSW,2015-2017,25.2
Chronic obstructive pulmonary disease,Northern NSW,2016-2018,25.9
Chronic obstructive pulmonary disease,Northern NSW,2017-2019,26.1
Chronic obstructive pulmonary disease,Northern NSW,2018-2020,26.8
Chronic obstructive pulmonary disease,Northern NSW,2019-2021,24.3
Chronic obstructive pulmonary disease,Mid North Coast,2001-2003,30.8
Chronic obstructive pulmonary disease,Mid North Coast,2002-2004,24.7
Chronic obstructive pulmonary disease,Mid North Coast,2003-2005,27.4
Chronic obstructive pulmonary disease,Mid North Coast,2004-2006,26.7
Chronic obstructive pulmonary disease,Mid North Coast,2005-2007,29.2
Chronic obstructive pulmonary disease,Mid North Coast,2006-2008,27.4
Chronic obstructive pulmonary disease,Mid North Coast,2007-2009,28.5
Chronic obstructive pulmonary disease,Mid North Coast,2008-2010,26.1
Chronic obstructive pulmonary disease,Mid North Coast,2009-2011,28.0
Chronic obstructive pulmonary disease,Mid North Coast,2010-2012,26.9
Chronic obstructive pulmonary disease,Mid North Coast,2011-2013,28.7
Chronic obstructive pulmonary disease,Mid North Coast,2012-2014,29.5
Chronic obstructive pulmonary disease,Mid North Coast,2013-2015,29.0
Chronic obstructive pulmonary disease,Mid North Coast,2014-2016,28.6
Chronic obstructive pulmonary disease,Mid North Coast,2015-2017,28.4
Chronic obstructive pulmonary disease,Mid North Coast,2016-2018,29.6
Chronic obstructive pulmonary disease,Mid North Coast,2017-2019,31.4
Chronic obstructive pulmonary disease,Mid North Coast,2018-2020,28.7
Chronic obstructive pulmonary disease,Mid North Coast,2019-2021,28.0
Chronic obstructive pulmonary disease,Southern NSW,2001-2003,29.3
Chronic obstructive pulmonary disease,Southern NSW,2002-2004,28.4
Chronic obstructive pulmonary disease,Southern NSW,2003-2005,27.1
Chronic obstructive pulmonary disease,Southern NSW,2004-2006,26.2
Chronic obstructive pulmonary disease,Southern NSW,2005-2007,27.9
Chronic obstructive pulmonary disease,Southern NSW,2006-2008,27.6
Chronic obstructive pulmonary disease,Southern NSW,2007-2009,27.5
Chronic obstructive pulmonary disease,Southern NSW,2008-2010,25.6
Chronic obstructive pulmonary disease,Southern NSW,2009-2011,26.4
Chronic obstructive pulmonary disease,Southern NSW,2010-2012,27.0
Chronic obstructive pulmonary disease,Southern NSW,2011-2013,27.2
Chronic obstructive pulmonary disease,Southern NSW,2012-2014,28.7
Chronic obstructive pulmonary disease,Southern NSW,2013-2015,30.5
Chronic obstructive pulmonary disease,Southern NSW,2014-2016,31.1
Chronic obstructive pulmonary disease,Southern NSW,2015-2017,32.0
Chronic obstructive pulmonary disease,Southern NSW,2016-2018,32.3
Chronic obstructive pulmonary disease,Southern NSW,2017-2019,33.8
Chronic obstructive pulmonary disease,Southern NSW,2018-2020,30.7
Chronic obstructive pulmonary disease,Southern NSW,2019-2021,28.8
Chronic obstructive pulmonary disease,Murrumbidgee,2001-2003,32.5
Chronic obstructive pulmonary disease,Murrumbidgee,2002-2004,34.5
Chronic obstructive pulmonary disease,Murrumbidgee,2003-2005,32.8
Chronic obstructive pulmonary disease,Murrumbidgee,2004-2006,28.6
Chronic obstructive pulmonary disease,Murrumbidgee,2005-2007,29.7
Chronic obstructive pulmonary disease,Murrumbidgee,2006-2008,27.1
Chronic obstructive pulmonary disease,Murrumbidgee,2007-2009,27.4
Chronic obstructive pulmonary disease,Murrumbidgee,2008-2010,24.7
Chronic obstructive pulmonary disease,Murrumbidgee,2009-2011,25.6
Chronic obstructive pulmonary disease,Murrumbidgee,2010-2012,26.5
Chronic obstructive pulmonary disease,Murrumbidgee,2011-2013,26.5
Chronic obstructive pulmonary disease,Murrumbidgee,2012-2014,26.8
Chronic obstructive pulmonary disease,Murrumbidgee,2013-2015,30.2
Chronic obstructive pulmonary disease,Murrumbidgee,2014-2016,31.8
Chronic obstructive pulmonary disease,Murrumbidgee,2015-2017,31.5
Chronic obstructive pulmonary disease,Murrumbidgee,2016-2018,29.6
Chronic obstructive pulmonary disease,Murrumbidgee,2017-2019,30.9
Chronic obstructive pulmonary disease,Murrumbidgee,2018-2020,30.7
Chronic obstructive pulmonary disease,Murrumbidgee,2019-2021,31.1
Chronic obstructive pulmonary disease,Western NSW,2001-2003,34.6
Chronic obstructive pulmonary disease,Western NSW,2002-2004,33.9
Chronic obstructive pulmonary disease,Western NSW,2003-2005,32.5
Chronic obstructive pulmonary disease,Western NSW,2004-2006,31.5
Chronic obstructive pulmonary disease,Western NSW,2005-2007,29.7
Chronic obstructive pulmonary disease,Western NSW,2006-2008,28.9
Chronic obstructive pulmonary disease,Western NSW,2007-2009,31.3
Chronic obstructive pulmonary disease,Western NSW,2008-2010,32.7
Chronic obstructive pulmonary disease,Western NSW,2009-2011,33.9
Chronic obstructive pulmonary disease,Western NSW,2010-2012,34.6
Chronic obstructive pulmonary disease,Western NSW,2011-2013,34.0
Chronic obstructive pulmonary disease,Western NSW,2012-2014,35.7
Chronic obstructive pulmonary disease,Western NSW,2013-2015,36.8
Chronic obstructive pulmonary disease,Western NSW,2014-2016,42.9
Chronic obstructive pulmonary disease,Western NSW,2015-2017,47.4
Chronic obstructive pulmonary disease,Western NSW,2016-2018,47.3
Chronic obstructive pulmonary disease,Western NSW,2017-2019,42.2
Chronic obstructive pulmonary disease,Western NSW,2018-2020,36.8
Chronic obstructive pulmonary disease,Western NSW,2019-2021,34.8
Chronic obstructive pulmonary disease,Far West,2001-2003,37.0
Chronic obstructive pulmonary disease,Far West,2002-2004,34.0
Chronic obstructive pulmonary disease,Far West,2003-2005,37.8
Chronic obstructive pulmonary disease,Far West,2004-2006,34.4
Chronic obstructive pulmonary disease,Far West,2005-2007,37.3
Chronic obstructive pulmonary disease,Far West,2006-2008,37.3
Chronic obstructive pulmonary disease,Far West,2007-2009,38.5
Chronic obstructive pulmonary disease,Far West,2008-2010,36.3
Chronic obstructive pulmonary disease,Far West,2009-2011,33.3
Chronic obstructive pulmonary disease,Far West,2010-2012,34.2
Chronic obstructive pulmonary disease,Far West,2011-2013,40.3
Chronic obstructive pulmonary disease,Far West,2012-2014,39.7
Chronic obstructive pulmonary disease,Far West,2013-2015,44.5
Chronic obstructive pulmonary disease,Far West,2014-2016,34.9
Chronic obstructive pulmonary disease,Far West,2015-2017,39.4
Chronic obstructive pulmonary disease,Far West,2016-2018,32.4
Chronic obstructive pulmonary disease,Far West,2017-2019,38.5
Chronic obstructive pulmonary disease,Far West,2018-2020,40.1
Chronic obstructive pulmonary disease,Far West,2019-2021,40.2
Respiratory diseases affecting interstitium,Sydney,2001-2003,4.0
Respiratory diseases affecting interstitium,Sydney,2002-2004,4.2
Respiratory diseases affecting interstitium,Sydney,2003-2005,4.1
Respiratory diseases affecting interstitium,Sydney,2004-2006,3.9
Respiratory diseases affecting interstitium,Sydney,2005-2007,3.8
Respiratory diseases affecting interstitium,Sydney,2006-2008,3.9
Respiratory diseases affecting interstitium,Sydney,2007-2009,3.6
Respiratory diseases affecting interstitium,Sydney,2008-2010,3.8
Respiratory diseases affecting interstitium,Sydney,2009-2011,4.4
Respiratory diseases affecting interstitium,Sydney,2010-2012,5.2
Respiratory diseases affecting interstitium,Sydney,2011-2013,5.1
Respiratory diseases affecting interstitium,Sydney,2012-2014,4.5
Respiratory diseases affecting interstitium,Sydney,2013-2015,4.0
Respiratory diseases affecting interstitium,Sydney,2014-2016,4.1
Respiratory diseases affecting interstitium,Sydney,2015-2017,4.6
Respiratory diseases affecting interstitium,Sydney,2016-2018,4.5
Respiratory diseases affecting interstitium,Sydney,2017-2019,4.5
Respiratory diseases affecting interstitium,Sydney,2018-2020,3.9
Respiratory diseases affecting interstitium,Sydney,2019-2021,4.2
Respiratory diseases affecting interstitium,South Western Sydney,2001-2003,2.9
Respiratory diseases affecting interstitium,South Western Sydney,2002-2004,3.7
Respiratory diseases affecting interstitium,South Western Sydney,2003-2005,3.3
Respiratory diseases affecting interstitium,South Western Sydney,2004-2006,4.1
Respiratory diseases affecting interstitium,South Western Sydney,2005-2007,4.3
Respiratory diseases affecting interstitium,South Western Sydney,2006-2008,4.8
Respiratory diseases affecting interstitium,South Western Sydney,2007-2009,4.0
Respiratory diseases affecting interstitium,South Western Sydney,2008-2010,4.0
Respiratory diseases affecting interstitium,South Western Sydney,2009-2011,4.3
Respiratory diseases affecting interstitium,South Western Sydney,2010-2012,4.8
Respiratory diseases affecting interstitium,South Western Sydney,2011-2013,4.6
Respiratory diseases affecting interstitium,South Western Sydney,2012-2014,4.4
Respiratory diseases affecting interstitium,South Western Sydney,2013-2015,5.1
Respiratory diseases affecting interstitium,South Western Sydney,2014-2016,5.6
Respiratory diseases affecting interstitium,South Western Sydney,2015-2017,5.7
Respiratory diseases affecting interstitium,South Western Sydney,2016-2018,5.3
Respiratory diseases affecting interstitium,South Western Sydney,2017-2019,5.2
Respiratory diseases affecting interstitium,South Western Sydney,2018-2020,5.0
Respiratory diseases affecting interstitium,South Western Sydney,2019-2021,5.3
Respiratory diseases affecting interstitium,South Eastern Sydney,2001-2003,4.7
Respiratory diseases affecting interstitium,South Eastern Sydney,2002-2004,4.4
Respiratory diseases affecting interstitium,South Eastern Sydney,2003-2005,3.7
Respiratory diseases affecting interstitium,South Eastern Sydney,2004-2006,3.7
Respiratory diseases affecting interstitium,South Eastern Sydney,2005-2007,3.6
Respiratory diseases affecting interstitium,South Eastern Sydney,2006-2008,4.0
Respiratory diseases affecting interstitium,South Eastern Sydney,2007-2009,4.1
Respiratory diseases affecting interstitium,South Eastern Sydney,2008-2010,4.3
Respiratory diseases affecting interstitium,South Eastern Sydney,2009-2011,4.0
Respiratory diseases affecting interstitium,South Eastern Sydney,2010-2012,4.8
Respiratory diseases affecting interstitium,South Eastern Sydney,2011-2013,4.9
Respiratory diseases affecting interstitium,South Eastern Sydney,2012-2014,5.0
Respiratory diseases affecting interstitium,South Eastern Sydney,2013-2015,4.9
Respiratory diseases affecting interstitium,South Eastern Sydney,2014-2016,4.6
Respiratory diseases affecting interstitium,South Eastern Sydney,2015-2017,4.6
Respiratory diseases affecting interstitium,South Eastern Sydney,2016-2018,4.0
Respiratory diseases affecting interstitium,South Eastern Sydney,2017-2019,4.2
Respiratory diseases affecting interstitium,South Eastern Sydney,2018-2020,4.2
Respiratory diseases affecting interstitium,South Eastern Sydney,2019-2021,4.7
Respiratory diseases affecting interstitium,Illawarra Shoalhaven,2001-2003,3.8
Respiratory diseases affecting interstitium,Illawarra Shoalhaven,2002-2004,3.8
Respiratory diseases affecting interstitium,Illawarra Shoalhaven,2003-2005,3.3
Respiratory diseases affecting interstitium,Illawarra Shoalhaven,2004-2006,3.0
Respiratory diseases affecting interstitium,Illawarra Shoalhaven,2005-2007,3.2
Respiratory diseases affecting interstitium,Illawarra Shoalhaven,2006-2008,4.8
Respiratory diseases affecting interstitium,Illawarra Shoalhaven,2007-2009,5.4
Respiratory diseases affecting interstitium,Illawarra Shoalhaven,2008-2010,5.5
Respiratory diseases affecting interstitium,Illawarra Shoalhaven,2009-2011,5.0
Respiratory diseases affecting interstitium,Illawarra Shoalhaven,2010-2012,4.9
Respiratory diseases affecting interstitium,Illawarra Shoalhaven,2011-2013,5.2
Respiratory diseases affecting interstitium,Illawarra Shoalhaven,2012-2014,5.9
Respiratory diseases affecting interstitium,Illawarra Shoalhaven,2013-2015,5.8
Respiratory diseases affecting interstitium,Illawarra Shoalhaven,2014-2016,5.5
Respiratory diseases affecting interstitium,Illawarra Shoalhaven,2015-2017,5.2
Respiratory diseases affecting interstitium,Illawarra Shoalhaven,2016-2018,4.6
Respiratory diseases affecting interstitium,Illawarra Shoalhaven,2017-2019,4.8
Respiratory diseases affecting interstitium,Illawarra Shoalhaven,2018-2020,4.3
Respiratory diseases affecting interstitium,Illawarra Shoalhaven,2019-2021,5.1
Respiratory diseases affecting interstitium,Western Sydney,2001-2003,3.8
Respiratory diseases affecting interstitium,Western Sydney,2002-2004,4.0
Respiratory diseases affecting interstitium,Western Sydney,2003-2005,4.2
Respiratory diseases affecting interstitium,Western Sydney,2004-2006,4.1
Respiratory diseases affecting interstitium,Western Sydney,2005-2007,3.7
Respiratory diseases affecting interstitium,Western Sydney,2006-2008,3.2
Respiratory diseases affecting interstitium,Western Sydney,2007-2009,3.0
Respiratory diseases affecting interstitium,Western Sydney,2008-2010,4.0
Respiratory diseases affecting interstitium,Western Sydney,2009-2011,4.6
Respiratory diseases affecting interstitium,Western Sydney,2010-2012,5.1
Respiratory diseases affecting interstitium,Western Sydney,2011-2013,4.5
Respiratory diseases affecting interstitium,Western Sydney,2012-2014,4.4
Respiratory diseases affecting interstitium,Western Sydney,2013-2015,3.6
Respiratory diseases affecting interstitium,Western Sydney,2014-2016,4.0
Respiratory diseases affecting interstitium,Western Sydney,2015-2017,4.0
Respiratory diseases affecting interstitium,Western Sydney,2016-2018,4.7
Respiratory diseases affecting interstitium,Western Sydney,2017-2019,4.6
Respiratory diseases affecting interstitium,Western Sydney,2018-2020,4.7
Respiratory diseases affecting interstitium,Western Sydney,2019-2021,5.0
Respiratory diseases affecting interstitium,Nepean Blue Mountains,2001-2003,3.1
Respiratory diseases affecting interstitium,Nepean Blue Mountains,2002-2004,2.9
Respiratory diseases affecting interstitium,Nepean Blue Mountains,2003-2005,3.1
Respiratory diseases affecting interstitium,Nepean Blue Mountains,2004-2006,3.2
Respiratory diseases affecting interstitium,Nepean Blue Mountains,2005-2007,3.6
Respiratory diseases affecting interstitium,Nepean Blue Mountains,2006-2008,3.8
Respiratory diseases affecting interstitium,Nepean Blue Mountains,2007-2009,3.6
Respiratory diseases affecting interstitium,Nepean Blue Mountains,2008-2010,4.5
Respiratory diseases affecting interstitium,Nepean Blue Mountains,2009-2011,5.0
Respiratory diseases affecting interstitium,Nepean Blue Mountains,2010-2012,6.0
Respiratory diseases affecting interstitium,Nepean Blue Mountains,2011-2013,5.2
Respiratory diseases affecting interstitium,Nepean Blue Mountains,2012-2014,4.6
Respiratory diseases affecting interstitium,Nepean Blue Mountains,2013-2015,4.8
Respiratory diseases affecting interstitium,Nepean Blue Mountains,2014-2016,4.9
Respiratory diseases affecting interstitium,Nepean Blue Mountains,2015-2017,5.1
Respiratory diseases affecting interstitium,Nepean Blue Mountains,2016-2018,4.4
Respiratory diseases affecting interstitium,Nepean Blue Mountains,2017-2019,4.8
Respiratory diseases affecting interstitium,Nepean Blue Mountains,2018-2020,4.8
Respiratory diseases affecting interstitium,Nepean Blue Mountains,2019-2021,5.0
Respiratory diseases affecting interstitium,Northern Sydney,2001-2003,2.9
Respiratory diseases affecting interstitium,Northern Sydney,2002-2004,3.1
Respiratory diseases affecting interstitium,Northern Sydney,2003-2005,3.2
Respiratory diseases affecting interstitium,Northern Sydney,2004-2006,3.5
Respiratory diseases affecting interstitium,Northern Sydney,2005-2007,3.5
Respiratory diseases affecting interstitium,Northern Sydney,2006-2008,3.5
Respiratory diseases affecting interstitium,Northern Sydney,2007-2009,3.7
Respiratory diseases affecting interstitium,Northern Sydney,2008-2010,3.6
Respiratory diseases affecting interstitium,Northern Sydney,2009-2011,3.7
Respiratory diseases affecting interstitium,Northern Sydney,2010-2012,3.6
Respiratory diseases affecting interstitium,Northern Sydney,2011-2013,3.6
Respiratory diseases affecting interstitium,Northern Sydney,2012-2014,3.6
Respiratory diseases affecting interstitium,Northern Sydney,2013-2015,4.1
Respiratory diseases affecting interstitium,Northern Sydney,2014-2016,4.4
Respiratory diseases affecting interstitium,Northern Sydney,2015-2017,4.5
Respiratory diseases affecting interstitium,Northern Sydney,2016-2018,4.0
Respiratory diseases affecting interstitium,Northern Sydney,2017-2019,4.1
Respiratory diseases affecting interstitium,Northern Sydney,2018-2020,4.5
Respiratory diseases affecting interstitium,Northern Sydney,2019-2021,4.6
Respiratory diseases affecting interstitium,Central Coast,2001-2003,4.9
Respiratory diseases affecting interstitium,Central Coast,2002-2004,4.2
Respiratory diseases affecting interstitium,Central Coast,2003-2005,3.8
Respiratory diseases affecting interstitium,Central Coast,2004-2006,4.5
Respiratory diseases affecting interstitium,Central Coast,2005-2007,5.3
Respiratory diseases affecting interstitium,Central Coast,2006-2008,5.3
Respiratory diseases affecting interstitium,Central Coast,2007-2009,6.1
Respiratory diseases affecting interstitium,Central Coast,2008-2010,6.0
Respiratory diseases affecting interstitium,Central Coast,2009-2011,5.8
Respiratory diseases affecting interstitium,Central Coast,2010-2012,4.5
Respiratory diseases affecting interstitium,Central Coast,2011-2013,4.3
Respiratory diseases affecting interstitium,Central Coast,2012-2014,5.0
Respiratory diseases affecting interstitium,Central Coast,2013-2015,5.1
Respiratory diseases affecting interstitium,Central Coast,2014-2016,5.2
Respiratory diseases affecting interstitium,Central Coast,2015-2017,5.5
Respiratory diseases affecting interstitium,Central Coast,2016-2018,5.2
Respiratory diseases affecting interstitium,Central Coast,2017-2019,5.3
Respiratory diseases affecting interstitium,Central Coast,2018-2020,5.0
Respiratory diseases affecting interstitium,Central Coast,2019-2021,5.3
Respiratory diseases affecting interstitium,Hunter New England,2001-2003,3.9
Respiratory diseases affecting interstitium,Hunter New England,2002-2004,3.6
Respiratory diseases affecting interstitium,Hunter New England,2003-2005,3.3
Respiratory diseases affecting interstitium,Hunter New England,2004-2006,3.7
Respiratory diseases affecting interstitium,Hunter New England,2005-2007,3.9
Respiratory diseases affecting interstitium,Hunter New England,2006-2008,4.6
Respiratory diseases affecting interstitium,Hunter New England,2007-2009,4.7
Respiratory diseases affecting interstitium,Hunter New England,2008-2010,5.0
Respiratory diseases affecting interstitium,Hunter New England,2009-2011,4.7
Respiratory diseases affecting interstitium,Hunter New England,2010-2012,4.7
Respiratory diseases affecting interstitium,Hunter New England,2011-2013,5.1
Respiratory diseases affecting interstitium,Hunter New England,2012-2014,5.3
Respiratory diseases affecting interstitium,Hunter New England,2013-2015,5.0
Respiratory diseases affecting interstitium,Hunter New England,2014-2016,4.6
Respiratory diseases affecting interstitium,Hunter New England,2015-2017,4.6
Respiratory diseases affecting interstitium,Hunter New England,2016-2018,4.7
Respiratory diseases affecting interstitium,Hunter New England,2017-2019,4.7
Respiratory diseases affecting interstitium,Hunter New England,2018-2020,4.6
Respiratory diseases affecting interstitium,Hunter New England,2019-2021,4.8
Respiratory diseases affecting interstitium,Northern NSW,2001-2003,3.2
Respiratory diseases affecting interstitium,Northern NSW,2002-2004,2.8
Respiratory diseases affecting interstitium,Northern NSW,2003-2005,3.1
Respiratory diseases affecting interstitium,Northern NSW,2004-2006,3.3
Respiratory diseases affecting interstitium,Northern NSW,2005-2007,4.2
Respiratory diseases affecting interstitium,Northern NSW,2006-2008,4.5
Respiratory diseases affecting interstitium,Northern NSW,2007-2009,4.5
Respiratory diseases affecting interstitium,Northern NSW,2008-2010,3.9
Respiratory diseases affecting interstitium,Northern NSW,2009-2011,4.1
Respiratory diseases affecting interstitium,Northern NSW,2010-2012,4.2
Respiratory diseases affecting interstitium,Northern NSW,2011-2013,4.2
Respiratory diseases affecting interstitium,Northern NSW,2012-2014,5.3
Respiratory diseases affecting interstitium,Northern NSW,2013-2015,5.0
Respiratory diseases affecting interstitium,Northern NSW,2014-2016,5.6
Respiratory diseases affecting interstitium,Northern NSW,2015-2017,4.1
Respiratory diseases affecting interstitium,Northern NSW,2016-2018,4.6
Respiratory diseases affecting interstitium,Northern NSW,2017-2019,4.1
Respiratory diseases affecting interstitium,Northern NSW,2018-2020,4.5
Respiratory diseases affecting interstitium,Northern NSW,2019-2021,4.9
Respiratory diseases affecting interstitium,Mid North Coast,2001-2003,4.9
Respiratory diseases affecting interstitium,Mid North Coast,2002-2004,5.2
Respiratory diseases affecting interstitium,Mid North Coast,2003-2005,5.0
Respiratory diseases affecting interstitium,Mid North Coast,2004-2006,3.9
Respiratory diseases affecting interstitium,Mid North Coast,2005-2007,3.5
Respiratory diseases affecting interstitium,Mid North Coast,2006-2008,2.9
Respiratory diseases affecting interstitium,Mid North Coast,2007-2009,3.2
Respiratory diseases affecting interstitium,Mid North Coast,2008-2010,3.4
Respiratory diseases affecting interstitium,Mid North Coast,2009-2011,3.9
Respiratory diseases affecting interstitium,Mid North Coast,2010-2012,4.0
Respiratory diseases affecting interstitium,Mid North Coast,2011-2013,3.8
Respiratory diseases affecting interstitium,Mid North Coast,2012-2014,4.4
Respiratory diseases affecting interstitium,Mid North Coast,2013-2015,4.5
Respiratory diseases affecting interstitium,Mid North Coast,2014-2016,5.0
Respiratory diseases affecting interstitium,Mid North Coast,2015-2017,5.1
Respiratory diseases affecting interstitium,Mid North Coast,2016-2018,5.0
Respiratory diseases affecting interstitium,Mid North Coast,2017-2019,4.5
Respiratory diseases affecting interstitium,Mid North Coast,2018-2020,4.0
Respiratory diseases affecting interstitium,Mid North Coast,2019-2021,4.8
Respiratory diseases affecting interstitium,Southern NSW,2001-2003,2.3
Respiratory diseases affecting interstitium,Southern NSW,2002-2004,2.4
Respiratory diseases affecting interstitium,Southern NSW,2003-2005,3.7
Respiratory diseases affecting interstitium,Southern NSW,2004-2006,3.8
Respiratory diseases affecting interstitium,Southern NSW,2005-2007,3.7
Respiratory diseases affecting interstitium,Southern NSW,2006-2008,3.5
Respiratory diseases affecting interstitium,Southern NSW,2007-2009,3.8
Respiratory diseases affecting interstitium,Southern NSW,2008-2010,4.0
Respiratory diseases affecting interstitium,Southern NSW,2009-2011,3.8
Respiratory diseases affecting interstitium,Southern NSW,2010-2012,3.3
Respiratory diseases affecting interstitium,Southern NSW,2011-2013,3.5
Respiratory diseases affecting interstitium,Southern NSW,2012-2014,3.7
Respiratory diseases affecting interstitium,Southern NSW,2013-2015,4.9
Respiratory diseases affecting interstitium,Southern NSW,2014-2016,5.8
Respiratory diseases affecting interstitium,Southern NSW,2015-2017,6.7
Respiratory diseases affecting interstitium,Southern NSW,2016-2018,5.7
Respiratory diseases affecting interstitium,Southern NSW,2017-2019,6.1
Respiratory diseases affecting interstitium,Southern NSW,2018-2020,5.7
Respiratory diseases affecting interstitium,Southern NSW,2019-2021,6.6
Respiratory diseases affecting interstitium,Murrumbidgee,2001-2003,3.8
Respiratory diseases affecting interstitium,Murrumbidgee,2002-2004,4.2
Respiratory diseases affecting interstitium,Murrumbidgee,2003-2005,4.0
Respiratory diseases affecting interstitium,Murrumbidgee,2004-2006,3.8
Respiratory diseases affecting interstitium,Murrumbidgee,2005-2007,3.2
Respiratory diseases affecting interstitium,Murrumbidgee,2006-2008,3.6
Respiratory diseases affecting interstitium,Murrumbidgee,2007-2009,2.6
Respiratory diseases affecting interstitium,Murrumbidgee,2008-2010,4.6
Respiratory diseases affecting interstitium,Murrumbidgee,2009-2011,4.8
Respiratory diseases affecting interstitium,Murrumbidgee,2010-2012,5.4
Respiratory diseases affecting interstitium,Murrumbidgee,2011-2013,4.1
Respiratory diseases affecting interstitium,Murrumbidgee,2012-2014,4.6
Respiratory diseases affecting interstitium,Murrumbidgee,2013-2015,4.7
Respiratory diseases affecting interstitium,Murrumbidgee,2014-2016,5.6
Respiratory diseases affecting interstitium,Murrumbidgee,2015-2017,5.8
Respiratory diseases affecting interstitium,Murrumbidgee,2016-2018,5.2
Respiratory diseases affecting interstitium,Murrumbidgee,2017-2019,3.9
Respiratory diseases affecting interstitium,Murrumbidgee,2018-2020,3.6
Respiratory diseases affecting interstitium,Murrumbidgee,2019-2021,4.3
Respiratory diseases affecting interstitium,Western NSW,2001-2003,6.4
Respiratory diseases affecting interstitium,Western NSW,2002-2004,5.7
Respiratory diseases affecting interstitium,Western NSW,2003-2005,4.6
Respiratory diseases affecting interstitium,Western NSW,2004-2006,4.5
Respiratory diseases affecting interstitium,Western NSW,2005-2007,4.6
Respiratory diseases affecting interstitium,Western NSW,2006-2008,5.9
Respiratory diseases affecting interstitium,Western NSW,2007-2009,5.5
Respiratory diseases affecting interstitium,Western NSW,2008-2010,5.4
Respiratory diseases affecting interstitium,Western NSW,2009-2011,4.5
Respiratory diseases affecting interstitium,Western NSW,2010-2012,5.4
Respiratory diseases affecting interstitium,Western NSW,2011-2013,5.2
Respiratory diseases affecting interstitium,Western NSW,2012-2014,4.9
Respiratory diseases affecting interstitium,Western NSW,2013-2015,4.4
Respiratory diseases affecting interstitium,Western NSW,2014-2016,4.6
Respiratory diseases affecting interstitium,Western NSW,2015-2017,5.1
Respiratory diseases affecting interstitium,Western NSW,2016-2018,5.6
Respiratory diseases affecting interstitium,Western NSW,2017-2019,6.0
Respiratory diseases affecting interstitium,Western NSW,2018-2020,6.2
Respiratory diseases affecting interstitium,Western NSW,2019-2021,5.8
Respiratory diseases affecting interstitium,Far West,2001-2003,6.0
Respiratory diseases affecting interstitium,Far West,2002-2004,6.9
Respiratory diseases affecting interstitium,Far West,2003-2005,8.0
Respiratory diseases affecting interstitium,Far West,2004-2006,6.1
Respiratory diseases affecting interstitium,Far West,2005-2007,4.4
Respiratory diseases affecting interstitium,Far West,2006-2008,5.3
Respiratory diseases affecting interstitium,Far West,2007-2009,6.1
Respiratory diseases affecting interstitium,Far West,2008-2010,7.0
Respiratory diseases affecting interstitium,Far West,2009-2011,5.6
Respiratory diseases affecting interstitium,Far West,2010-2012,4.0
Respiratory diseases affecting interstitium,Far West,2011-2013,5.6
Respiratory diseases affecting interstitium,Far West,2012-2014,4.7
Respiratory diseases affecting interstitium,Far West,2013-2015,6.2
Respiratory diseases affecting interstitium,Far West,2014-2016,3.0
Respiratory diseases affecting interstitium,Far West,2015-2017,3.0
Respiratory diseases affecting interstitium,Far West,2016-2018,1.3
Respiratory diseases affecting interstitium,Far West,2017-2019,3.1
Respiratory diseases affecting interstitium,Far West,2018-2020,5.3
Respiratory diseases affecting interstitium,Far West,2019-2021,5.3
Remaining respiratory diseases,Sydney,2001-2003,13.3
Remaining respiratory diseases,Sydney,2002-2004,14.9
Remaining respiratory diseases,Sydney,2003-2005,15.9
Remaining respiratory diseases,Sydney,2004-2006,17.8
Remaining respiratory diseases,Sydney,2005-2007,17.4
Remaining respiratory diseases,Sydney,2006-2008,16.8
Remaining respiratory diseases,Sydney,2007-2009,17.4
Remaining respiratory diseases,Sydney,2008-2010,18.6
Remaining respiratory diseases,Sydney,2009-2011,20.0
Remaining respiratory diseases,Sydney,2010-2012,20.1
Remaining respiratory diseases,Sydney,2011-2013,16.7
Remaining respiratory diseases,Sydney,2012-2014,12.7
Remaining respiratory diseases,Sydney,2013-2015,8.5
Remaining respiratory diseases,Sydney,2014-2016,8.3
Remaining respiratory diseases,Sydney,2015-2017,9.1
Remaining respiratory diseases,Sydney,2016-2018,9.4
Remaining respiratory diseases,Sydney,2017-2019,9.5
Remaining respiratory diseases,Sydney,2018-2020,8.2
Remaining respiratory diseases,Sydney,2019-2021,7.8
Remaining respiratory diseases,South Western Sydney,2001-2003,11.5
Remaining respiratory diseases,South Western Sydney,2002-2004,13.2
Remaining respiratory diseases,South Western Sydney,2003-2005,14.3
Remaining respiratory diseases,South Western Sydney,2004-2006,14.5
Remaining respiratory diseases,South Western Sydney,2005-2007,15.6
Remaining respiratory diseases,South Western Sydney,2006-2008,17.3
Remaining respiratory diseases,South Western Sydney,2007-2009,18.8
Remaining respiratory diseases,South Western Sydney,2008-2010,17.4
Remaining respiratory diseases,South Western Sydney,2009-2011,16.3
Remaining respiratory diseases,South Western Sydney,2010-2012,16.6
Remaining respiratory diseases,South Western Sydney,2011-2013,14.9
Remaining respiratory diseases,South Western Sydney,2012-2014,13.5
Remaining respiratory diseases,South Western Sydney,2013-2015,10.3
Remaining respiratory diseases,South Western Sydney,2014-2016,9.9
Remaining respiratory diseases,South Western Sydney,2015-2017,9.7
Remaining respiratory diseases,South Western Sydney,2016-2018,9.6
Remaining respiratory diseases,South Western Sydney,2017-2019,9.8
Remaining respiratory diseases,South Western Sydney,2018-2020,9.0
Remaining respiratory diseases,South Western Sydney,2019-2021,8.6
Remaining respiratory diseases,South Eastern Sydney,2001-2003,9.5
Remaining respiratory diseases,South Eastern Sydney,2002-2004,9.9
Remaining respiratory diseases,South Eastern Sydney,2003-2005,9.6
Remaining respiratory diseases,South Eastern Sydney,2004-2006,9.7
Remaining respiratory diseases,South Eastern Sydney,2005-2007,11.1
Remaining respiratory diseases,South Eastern Sydney,2006-2008,14.5
Remaining respiratory diseases,South Eastern Sydney,2007-2009,15.9
Remaining respiratory diseases,South Eastern Sydney,2008-2010,16.3
Remaining respiratory diseases,South Eastern Sydney,2009-2011,14.6
Remaining respiratory diseases,South Eastern Sydney,2010-2012,14.6
Remaining respiratory diseases,South Eastern Sydney,2011-2013,11.9
Remaining respiratory diseases,South Eastern Sydney,2012-2014,10.6
Remaining respiratory diseases,South Eastern Sydney,2013-2015,8.4
Remaining respiratory diseases,South Eastern Sydney,2014-2016,8.3
Remaining respiratory diseases,South Eastern Sydney,2015-2017,7.7
Remaining respiratory diseases,South Eastern Sydney,2016-2018,7.8
Remaining respiratory diseases,South Eastern Sydney,2017-2019,8.5
Remaining respiratory diseases,South Eastern Sydney,2018-2020,8.3
Remaining respiratory diseases,South Eastern Sydney,2019-2021,8.0
Remaining respiratory diseases,Illawarra Shoalhaven,2001-2003,9.0
Remaining respiratory diseases,Illawarra Shoalhaven,2002-2004,9.1
Remaining respiratory diseases,Illawarra Shoalhaven,2003-2005,9.5
Remaining respiratory diseases,Illawarra Shoalhaven,2004-2006,10.9
Remaining respiratory diseases,Illawarra Shoalhaven,2005-2007,11.4
Remaining respiratory diseases,Illawarra Shoalhaven,2006-2008,11.9
Remaining respiratory diseases,Illawarra Shoalhaven,2007-2009,10.7
Remaining respiratory diseases,Illawarra Shoalhaven,2008-2010,10.7
Remaining respiratory diseases,Illawarra Shoalhaven,2009-2011,10.0
Remaining respiratory diseases,Illawarra Shoalhaven,2010-2012,10.8
Remaining respiratory diseases,Illawarra Shoalhaven,2011-2013,9.7
Remaining respiratory diseases,Illawarra Shoalhaven,2012-2014,9.0
Remaining respiratory diseases,Illawarra Shoalhaven,2013-2015,7.1
Remaining respiratory diseases,Illawarra Shoalhaven,2014-2016,7.2
Remaining respiratory diseases,Illawarra Shoalhaven,2015-2017,7.3
Remaining respiratory diseases,Illawarra Shoalhaven,2016-2018,8.2
Remaining respiratory diseases,Illawarra Shoalhaven,2017-2019,7.9
Remaining respiratory diseases,Illawarra Shoalhaven,2018-2020,7.6
Remaining respiratory diseases,Illawarra Shoalhaven,2019-2021,6.5
Remaining respiratory diseases,Western Sydney,2001-2003,11.6
Remaining respiratory diseases,Western Sydney,2002-2004,14.0
Remaining respiratory diseases,Western Sydney,2003-2005,13.4
Remaining respiratory diseases,Western Sydney,2004-2006,12.5
Remaining respiratory diseases,Western Sydney,2005-2007,13.0
Remaining respiratory diseases,Western Sydney,2006-2008,14.0
Remaining respiratory diseases,Western Sydney,2007-2009,16.1
Remaining respiratory diseases,Western Sydney,2008-2010,16.7
Remaining respiratory diseases,Western Sydney,2009-2011,16.9
Remaining respiratory diseases,Western Sydney,2010-2012,17.0
Remaining respiratory diseases,Western Sydney,2011-2013,14.7
Remaining respiratory diseases,Western Sydney,2012-2014,13.2
Remaining respiratory diseases,Western Sydney,2013-2015,11.2
Remaining respiratory diseases,Western Sydney,2014-2016,10.7
Remaining respiratory diseases,Western Sydney,2015-2017,10.2
Remaining respiratory diseases,Western Sydney,2016-2018,10.5
Remaining respiratory diseases,Western Sydney,2017-2019,10.7
Remaining respiratory diseases,Western Sydney,2018-2020,10.1
Remaining respiratory diseases,Western Sydney,2019-2021,9.6
Remaining respiratory diseases,Nepean Blue Mountains,2001-2003,12.3
Remaining respiratory diseases,Nepean Blue Mountains,2002-2004,13.9
Remaining respiratory diseases,Nepean Blue Mountains,2003-2005,14.9
Remaining respiratory diseases,Nepean Blue Mountains,2004-2006,16.2
Remaining respiratory diseases,Nepean Blue Mountains,2005-2007,16.8
Remaining respiratory diseases,Nepean Blue Mountains,2006-2008,16.9
Remaining respiratory diseases,Nepean Blue Mountains,2007-2009,16.0
Remaining respiratory diseases,Nepean Blue Mountains,2008-2010,15.7
Remaining respiratory diseases,Nepean Blue Mountains,2009-2011,16.0
Remaining respiratory diseases,Nepean Blue Mountains,2010-2012,14.9
Remaining respiratory diseases,Nepean Blue Mountains,2011-2013,13.4
Remaining respiratory diseases,Nepean Blue Mountains,2012-2014,11.5
Remaining respiratory diseases,Nepean Blue Mountains,2013-2015,11.8
Remaining respiratory diseases,Nepean Blue Mountains,2014-2016,14.0
Remaining respiratory diseases,Nepean Blue Mountains,2015-2017,15.2
Remaining respiratory diseases,Nepean Blue Mountains,2016-2018,15.6
Remaining respiratory diseases,Nepean Blue Mountains,2017-2019,14.1
Remaining respiratory diseases,Nepean Blue Mountains,2018-2020,12.0
Remaining respiratory diseases,Nepean Blue Mountains,2019-2021,11.9
Remaining respiratory diseases,Northern Sydney,2001-2003,8.2
Remaining respiratory diseases,Northern Sydney,2002-2004,9.0
Remaining respiratory diseases,Northern Sydney,2003-2005,9.8
Remaining respiratory diseases,Northern Sydney,2004-2006,9.9
Remaining respiratory diseases,Northern Sydney,2005-2007,10.0
Remaining respiratory diseases,Northern Sydney,2006-2008,9.6
Remaining respiratory diseases,Northern Sydney,2007-2009,9.8
Remaining respiratory diseases,Northern Sydney,2008-2010,9.9
Remaining respiratory diseases,Northern Sydney,2009-2011,10.6
Remaining respiratory diseases,Northern Sydney,2010-2012,11.7
Remaining respiratory diseases,Northern Sydney,2011-2013,10.1
Remaining respiratory diseases,Northern Sydney,2012-2014,8.6
Remaining respiratory diseases,Northern Sydney,2013-2015,6.1
Remaining respiratory diseases,Northern Sydney,2014-2016,6.8
Remaining respiratory diseases,Northern Sydney,2015-2017,7.3
Remaining respiratory diseases,Northern Sydney,2016-2018,7.9
Remaining respiratory diseases,Northern Sydney,2017-2019,7.8
Remaining respiratory diseases,Northern Sydney,2018-2020,6.9
Remaining respiratory diseases,Northern Sydney,2019-2021,6.2
Remaining respiratory diseases,Central Coast,2001-2003,16.1
Remaining respiratory diseases,Central Coast,2002-2004,15.6
Remaining respiratory diseases,Central Coast,2003-2005,14.6
Remaining respiratory diseases,Central Coast,2004-2006,13.0
Remaining respiratory diseases,Central Coast,2005-2007,12.9
Remaining respiratory diseases,Central Coast,2006-2008,13.5
Remaining respiratory diseases,Central Coast,2007-2009,15.0
Remaining respiratory diseases,Central Coast,2008-2010,14.0
Remaining respiratory diseases,Central Coast,2009-2011,14.3
Remaining respiratory diseases,Central Coast,2010-2012,14.1
Remaining respiratory diseases,Central Coast,2011-2013,13.0
Remaining respiratory diseases,Central Coast,2012-2014,12.6
Remaining respiratory diseases,Central Coast,2013-2015,10.1
Remaining respiratory diseases,Central Coast,2014-2016,9.5
Remaining respiratory diseases,Central Coast,2015-2017,8.1
Remaining respiratory diseases,Central Coast,2016-2018,8.4
Remaining respiratory diseases,Central Coast,2017-2019,9.3
Remaining respiratory diseases,Central Coast,2018-2020,8.8
Remaining respiratory diseases,Central Coast,2019-2021,8.9
Remaining respiratory diseases,Hunter New England,2001-2003,8.4
Remaining respiratory diseases,Hunter New England,2002-2004,9.2
Remaining respiratory diseases,Hunter New England,2003-2005,9.0
Remaining respiratory diseases,Hunter New England,2004-2006,9.4
Remaining respiratory diseases,Hunter New England,2005-2007,9.5
Remaining respiratory diseases,Hunter New England,2006-2008,10.5
Remaining respiratory diseases,Hunter New England,2007-2009,10.2
Remaining respiratory diseases,Hunter New England,2008-2010,10.0
Remaining respiratory diseases,Hunter New England,2009-2011,9.1
Remaining respiratory diseases,Hunter New England,2010-2012,9.7
Remaining respiratory diseases,Hunter New England,2011-2013,9.0
Remaining respiratory diseases,Hunter New England,2012-2014,8.4
Remaining respiratory diseases,Hunter New England,2013-2015,7.3
Remaining respiratory diseases,Hunter New England,2014-2016,6.9
Remaining respiratory diseases,Hunter New England,2015-2017,7.0
Remaining respiratory diseases,Hunter New England,2016-2018,6.8
Remaining respiratory diseases,Hunter New England,2017-2019,7.5
Remaining respiratory diseases,Hunter New England,2018-2020,7.0
Remaining respiratory diseases,Hunter New England,2019-2021,6.5
Remaining respiratory diseases,Northern NSW,2001-2003,7.0
Remaining respiratory diseases,Northern NSW,2002-2004,7.8
Remaining respiratory diseases,Northern NSW,2003-2005,8.0
Remaining respiratory diseases,Northern NSW,2004-2006,8.7
Remaining respiratory diseases,Northern NSW,2005-2007,9.6
Remaining respiratory diseases,Northern NSW,2006-2008,10.2
Remaining respiratory diseases,Northern NSW,2007-2009,9.5
Remaining respiratory diseases,Northern NSW,2008-2010,9.0
Remaining respiratory diseases,Northern NSW,2009-2011,9.3
Remaining respiratory diseases,Northern NSW,2010-2012,10.1
Remaining respiratory diseases,Northern NSW,2011-2013,9.2
Remaining respiratory diseases,Northern NSW,2012-2014,8.9
Remaining respiratory diseases,Northern NSW,2013-2015,7.3
Remaining respiratory diseases,Northern NSW,2014-2016,8.4
Remaining respiratory diseases,Northern NSW,2015-2017,8.7
Remaining respiratory diseases,Northern NSW,2016-2018,8.3
Remaining respiratory diseases,Northern NSW,2017-2019,7.6
Remaining respiratory diseases,Northern NSW,2018-2020,6.4
Remaining respiratory diseases,Northern NSW,2019-2021,6.8
Remaining respiratory diseases,Mid North Coast,2001-2003,8.2
Remaining respiratory diseases,Mid North Coast,2002-2004,7.8
Remaining respiratory diseases,Mid North Coast,2003-2005,8.0
Remaining respiratory diseases,Mid North Coast,2004-2006,9.1
Remaining respiratory diseases,Mid North Coast,2005-2007,9.6
Remaining respiratory diseases,Mid North Coast,2006-2008,9.0
Remaining respiratory diseases,Mid North Coast,2007-2009,7.2
Remaining respiratory diseases,Mid North Coast,2008-2010,6.9
Remaining respiratory diseases,Mid North Coast,2009-2011,8.5
Remaining respiratory diseases,Mid North Coast,2010-2012,10.3
Remaining respiratory diseases,Mid North Coast,2011-2013,10.0
Remaining respiratory diseases,Mid North Coast,2012-2014,8.9
Remaining respiratory diseases,Mid North Coast,2013-2015,7.9
Remaining respiratory diseases,Mid North Coast,2014-2016,6.9
Remaining respiratory diseases,Mid North Coast,2015-2017,7.5
Remaining respiratory diseases,Mid North Coast,2016-2018,7.7
Remaining respiratory diseases,Mid North Coast,2017-2019,8.1
Remaining respiratory diseases,Mid North Coast,2018-2020,6.6
Remaining respiratory diseases,Mid North Coast,2019-2021,5.9
Remaining respiratory diseases,Southern NSW,2001-2003,7.4
Remaining respiratory diseases,Southern NSW,2002-2004,7.9
Remaining respiratory diseases,Southern NSW,2003-2005,6.5
Remaining respiratory diseases,Southern NSW,2004-2006,4.9
Remaining respiratory diseases,Southern NSW,2005-2007,5.3
Remaining respiratory diseases,Southern NSW,2006-2008,7.0
Remaining respiratory diseases,Southern NSW,2007-2009,7.7
Remaining respiratory diseases,Southern NSW,2008-2010,7.9
Remaining respiratory diseases,Southern NSW,2009-2011,7.0
Remaining respiratory diseases,Southern NSW,2010-2012,8.1
Remaining respiratory diseases,Southern NSW,2011-2013,7.2
Remaining respiratory diseases,Southern NSW,2012-2014,7.1
Remaining respiratory diseases,Southern NSW,2013-2015,6.6
Remaining respiratory diseases,Southern NSW,2014-2016,7.4
Remaining respiratory diseases,Southern NSW,2015-2017,7.2
Remaining respiratory diseases,Southern NSW,2016-2018,6.6
Remaining respiratory diseases,Southern NSW,2017-2019,5.3
Remaining respiratory diseases,Southern NSW,2018-2020,4.9
Remaining respiratory diseases,Southern NSW,2019-2021,4.9
Remaining respiratory diseases,Murrumbidgee,2001-2003,8.6
Remaining respiratory diseases,Murrumbidgee,2002-2004,10.8
Remaining respiratory diseases,Murrumbidgee,2003-2005,9.8
Remaining respiratory diseases,Murrumbidgee,2004-2006,9.9
Remaining respiratory diseases,Murrumbidgee,2005-2007,8.7
Remaining respiratory diseases,Murrumbidgee,2006-2008,9.3
Remaining respiratory diseases,Murrumbidgee,2007-2009,9.4
Remaining respiratory diseases,Murrumbidgee,2008-2010,9.6
Remaining respiratory diseases,Murrumbidgee,2009-2011,9.6
Remaining respiratory diseases,Murrumbidgee,2010-2012,10.1
Remaining respiratory diseases,Murrumbidgee,2011-2013,8.4
Remaining respiratory diseases,Murrumbidgee,2012-2014,7.4
Remaining respiratory diseases,Murrumbidgee,2013-2015,6.9
Remaining respiratory diseases,Murrumbidgee,2014-2016,7.8
Remaining respiratory diseases,Murrumbidgee,2015-2017,9.7
Remaining respiratory diseases,Murrumbidgee,2016-2018,9.0
Remaining respiratory diseases,Murrumbidgee,2017-2019,8.9
Remaining respiratory diseases,Murrumbidgee,2018-2020,6.9
Remaining respiratory diseases,Murrumbidgee,2019-2021,6.7
Remaining respiratory diseases,Western NSW,2001-2003,9.9
Remaining respiratory diseases,Western NSW,2002-2004,11.4
Remaining respiratory diseases,Western NSW,2003-2005,10.8
Remaining respiratory diseases,Western NSW,2004-2006,9.7
Remaining respiratory diseases,Western NSW,2005-2007,11.4
Remaining respiratory diseases,Western NSW,2006-2008,13.8
Remaining respiratory diseases,Western NSW,2007-2009,15.7
Remaining respiratory diseases,Western NSW,2008-2010,14.7
Remaining respiratory diseases,Western NSW,2009-2011,14.0
Remaining respiratory diseases,Western NSW,2010-2012,12.0
Remaining respiratory diseases,Western NSW,2011-2013,10.4
Remaining respiratory diseases,Western NSW,2012-2014,8.1
Remaining respiratory diseases,Western NSW,2013-2015,7.1
Remaining respiratory diseases,Western NSW,2014-2016,6.5
Remaining respiratory diseases,Western NSW,2015-2017,8.4
Remaining respiratory diseases,Western NSW,2016-2018,9.0
Remaining respiratory diseases,Western NSW,2017-2019,10.5
Remaining respiratory diseases,Western NSW,2018-2020,8.3
Remaining respiratory diseases,Western NSW,2019-2021,7.5
Remaining respiratory diseases,Far West,2001-2003,7.8
Remaining respiratory diseases,Far West,2002-2004,10.3
Remaining respiratory diseases,Far West,2003-2005,11.5
Remaining respiratory diseases,Far West,2004-2006,13.5
Remaining respiratory diseases,Far West,2005-2007,16.1
Remaining respiratory diseases,Far West,2006-2008,14.8
Remaining respiratory diseases,Far West,2007-2009,16.5
Remaining respiratory diseases,Far West,2008-2010,14.1
Remaining respiratory diseases,Far West,2009-2011,14.1
Remaining respiratory diseases,Far West,2010-2012,11.8
Remaining respiratory diseases,Far West,2011-2013,9.3
Remaining respiratory diseases,Far West,2012-2014,8.0
Remaining respiratory diseases,Far West,2013-2015,11.1
Remaining respiratory diseases,Far West,2014-2016,10.1
Remaining respiratory diseases,Far West,2015-2017,11.0
Remaining respiratory diseases,Far West,2016-2018,8.6
Remaining respiratory diseases,Far West,2017-2019,9.9
Remaining respiratory diseases,Far West,2018-2020,7.5
Remaining respiratory diseases,Far West,2019-2021,4.8
Total,Sydney,2001-2003,58.5
Total,Sydney,2002-2004,62.6
Total,Sydney,2003-2005,62.0
Total,Sydney,2004-2006,61.8
Total,Sydney,2005-2007,56.4
Total,Sydney,2006-2008,52.0
Total,Sydney,2007-2009,48.0
Total,Sydney,2008-2010,47.3
Total,Sydney,2009-2011,49.8
Total,Sydney,2010-2012,52.9
Total,Sydney,2011-2013,49.9
Total,Sydney,2012-2014,46.9
Total,Sydney,2013-2015,40.7
Total,Sydney,2014-2016,40.3
Total,Sydney,2015-2017,42.1
Total,Sydney,2016-2018,42.2
Total,Sydney,2017-2019,43.1
Total,Sydney,2018-2020,37.0
Total,Sydney,2019-2021,35.7
Total,South Western Sydney,2001-2003,58.2
Total,South Western Sydney,2002-2004,60.2
Total,South Western Sydney,2003-2005,57.6
Total,South Western Sydney,2004-2006,57.4
Total,South Western Sydney,2005-2007,56.5
Total,South Western Sydney,2006-2008,57.4
Total,South Western Sydney,2007-2009,55.6
Total,South Western Sydney,2008-2010,52.4
Total,South Western Sydney,2009-2011,51.5
Total,South Western Sydney,2010-2012,51.5
Total,South Western Sydney,2011-2013,50.8
Total,South Western Sydney,2012-2014,49.3
Total,South Western Sydney,2013-2015,47.7
Total,South Western Sydney,2014-2016,48.9
Total,South Western Sydney,2015-2017,51.8
Total,South Western Sydney,2016-2018,50.7
Total,South Western Sydney,2017-2019,49.4
Total,South Western Sydney,2018-2020,43.5
Total,South Western Sydney,2019-2021,41.7
Total,South Eastern Sydney,2001-2003,47.3
Total,South Eastern Sydney,2002-2004,48.0
Total,South Eastern Sydney,2003-2005,44.1
Total,South Eastern Sydney,2004-2006,40.3
Total,South Eastern Sydney,2005-2007,39.6
Total,South Eastern Sydney,2006-2008,43.2
Total,South Eastern Sydney,2007-2009,44.0
Total,South Eastern Sydney,2008-2010,44.6
Total,South Eastern Sydney,2009-2011,41.4
Total,South Eastern Sydney,2010-2012,42.8
Total,South Eastern Sydney,2011-2013,40.2
Total,South Eastern Sydney,2012-2014,40.5
Total,South Eastern Sydney,2013-2015,38.2
Total,South Eastern Sydney,2014-2016,37.5
Total,South Eastern Sydney,2015-2017,38.7
Total,South Eastern Sydney,2016-2018,37.8
Total,South Eastern Sydney,2017-2019,38.3
Total,South Eastern Sydney,2018-2020,34.9
Total,South Eastern Sydney,2019-2021,33.3
Total,Illawarra Shoalhaven,2001-2003,54.8
Total,Illawarra Shoalhaven,2002-2004,55.8
Total,Illawarra Shoalhaven,2003-2005,55.1
Total,Illawarra Shoalhaven,2004-2006,52.9
Total,Illawarra Shoalhaven,2005-2007,49.7
Total,Illawarra Shoalhaven,2006-2008,48.4
Total,Illawarra Shoalhaven,2007-2009,45.3
Total,Illawarra Shoalhaven,2008-2010,45.5
Total,Illawarra Shoalhaven,2009-2011,46.5
Total,Illawarra Shoalhaven,2010-2012,49.7
Total,Illawarra Shoalhaven,2011-2013,50.8
Total,Illawarra Shoalhaven,2012-2014,52.0
Total,Illawarra Shoalhaven,2013-2015,50.4
Total,Illawarra Shoalhaven,2014-2016,51.9
Total,Illawarra Shoalhaven,2015-2017,53.0
Total,Illawarra Shoalhaven,2016-2018,53.0
Total,Illawarra Shoalhaven,2017-2019,52.4
Total,Illawarra Shoalhaven,2018-2020,48.1
Total,Illawarra Shoalhaven,2019-2021,47.0
Total,Western Sydney,2001-2003,57.4
Total,Western Sydney,2002-2004,63.2
Total,Western Sydney,2003-2005,60.1
Total,Western Sydney,2004-2006,56.8
Total,Western Sydney,2005-2007,52.2
Total,Western Sydney,2006-2008,49.3
Total,Western Sydney,2007-2009,48.5
Total,Western Sydney,2008-2010,48.7
Total,Western Sydney,2009-2011,51.3
Total,Western Sydney,2010-2012,53.0
Total,Western Sydney,2011-2013,50.5
Total,Western Sydney,2012-2014,49.7
Total,Western Sydney,2013-2015,47.2
Total,Western Sydney,2014-2016,48.8
Total,Western Sydney,2015-2017,48.8
Total,Western Sydney,2016-2018,47.4
Total,Western Sydney,2017-2019,46.9
Total,Western Sydney,2018-2020,41.6
Total,Western Sydney,2019-2021,41.0
Total,Nepean Blue Mountains,2001-2003,61.2
Total,Nepean Blue Mountains,2002-2004,66.0
Total,Nepean Blue Mountains,2003-2005,68.9
Total,Nepean Blue Mountains,2004-2006,66.2
Total,Nepean Blue Mountains,2005-2007,62.1
Total,Nepean Blue Mountains,2006-2008,57.5
Total,Nepean Blue Mountains,2007-2009,55.1
Total,Nepean Blue Mountains,2008-2010,53.4
Total,Nepean Blue Mountains,2009-2011,56.8
Total,Nepean Blue Mountains,2010-2012,58.6
Total,Nepean Blue Mountains,2011-2013,60.0
Total,Nepean Blue Mountains,2012-2014,56.8
Total,Nepean Blue Mountains,2013-2015,60.0
Total,Nepean Blue Mountains,2014-2016,63.9
Total,Nepean Blue Mountains,2015-2017,68.6
Total,Nepean Blue Mountains,2016-2018,65.1
Total,Nepean Blue Mountains,2017-2019,60.7
Total,Nepean Blue Mountains,2018-2020,52.4
Total,Nepean Blue Mountains,2019-2021,48.8
Total,Northern Sydney,2001-2003,48.3
Total,Northern Sydney,2002-2004,50.2
Total,Northern Sydney,2003-2005,48.5
Total,Northern Sydney,2004-2006,44.4
Total,Northern Sydney,2005-2007,39.9
Total,Northern Sydney,2006-2008,38.0
Total,Northern Sydney,2007-2009,36.0
Total,Northern Sydney,2008-2010,36.3
Total,Northern Sydney,2009-2011,37.0
Total,Northern Sydney,2010-2012,39.4
Total,Northern Sydney,2011-2013,36.5
Total,Northern Sydney,2012-2014,34.5
Total,Northern Sydney,2013-2015,32.3
Total,Northern Sydney,2014-2016,34.5
Total,Northern Sydney,2015-2017,36.7
Total,Northern Sydney,2016-2018,35.7
Total,Northern Sydney,2017-2019,34.4
Total,Northern Sydney,2018-2020,30.3
Total,Northern Sydney,2019-2021,28.5
Total,Central Coast,2001-2003,70.0
Total,Central Coast,2002-2004,67.5
Total,Central Coast,2003-2005,63.0
Total,Central Coast,2004-2006,60.5
Total,Central Coast,2005-2007,59.8
Total,Central Coast,2006-2008,59.5
Total,Central Coast,2007-2009,60.7
Total,Central Coast,2008-2010,58.4
Total,Central Coast,2009-2011,56.5
Total,Central Coast,2010-2012,56.8
Total,Central Coast,2011-2013,55.4
Total,Central Coast,2012-2014,58.5
Total,Central Coast,2013-2015,57.6
Total,Central Coast,2014-2016,58.6
Total,Central Coast,2015-2017,61.1
Total,Central Coast,2016-2018,60.6
Total,Central Coast,2017-2019,63.5
Total,Central Coast,2018-2020,56.7
Total,Central Coast,2019-2021,54.0
Total,Hunter New England,2001-2003,58.9
Total,Hunter New England,2002-2004,59.2
Total,Hunter New England,2003-2005,55.9
Total,Hunter New England,2004-2006,55.2
Total,Hunter New England,2005-2007,52.1
Total,Hunter New England,2006-2008,51.4
Total,Hunter New England,2007-2009,48.9
Total,Hunter New England,2008-2010,48.8
Total,Hunter New England,2009-2011,47.7
Total,Hunter New England,2010-2012,49.9
Total,Hunter New England,2011-2013,50.5
Total,Hunter New England,2012-2014,52.7
Total,Hunter New England,2013-2015,51.5
Total,Hunter New England,2014-2016,51.9
Total,Hunter New England,2015-2017,54.8
Total,Hunter New England,2016-2018,54.5
Total,Hunter New England,2017-2019,55.4
Total,Hunter New England,2018-2020,48.4
Total,Hunter New England,2019-2021,46.2
Total,Northern NSW,2001-2003,52.3
Total,Northern NSW,2002-2004,53.3
Total,Northern NSW,2003-2005,51.8
Total,Northern NSW,2004-2006,48.3
Total,Northern NSW,2005-2007,47.6
Total,Northern NSW,2006-2008,45.7
Total,Northern NSW,2007-2009,43.7
Total,Northern NSW,2008-2010,40.3
Total,Northern NSW,2009-2011,43.3
Total,Northern NSW,2010-2012,45.7
Total,Northern NSW,2011-2013,47.1
Total,Northern NSW,2012-2014,46.4
Total,Northern NSW,2013-2015,45.4
Total,Northern NSW,2014-2016,48.2
Total,Northern NSW,2015-2017,49.2
Total,Northern NSW,2016-2018,49.5
Total,Northern NSW,2017-2019,49.4
Total,Northern NSW,2018-2020,47.4
Total,Northern NSW,2019-2021,43.8
Total,Mid North Coast,2001-2003,57.4
Total,Mid North Coast,2002-2004,52.4
Total,Mid North Coast,2003-2005,57.5
Total,Mid North Coast,2004-2006,56.5
Total,Mid North Coast,2005-2007,58.7
Total,Mid North Coast,2006-2008,52.0
Total,Mid North Coast,2007-2009,49.5
Total,Mid North Coast,2008-2010,46.9
Total,Mid North Coast,2009-2011,51.1
Total,Mid North Coast,2010-2012,53.4
Total,Mid North Coast,2011-2013,54.6
Total,Mid North Coast,2012-2014,55.3
Total,Mid North Coast,2013-2015,53.2
Total,Mid North Coast,2014-2016,50.7
Total,Mid North Coast,2015-2017,50.7
Total,Mid North Coast,2016-2018,51.0
Total,Mid North Coast,2017-2019,54.1
Total,Mid North Coast,2018-2020,48.8
Total,Mid North Coast,2019-2021,47.0
Total,Southern NSW,2001-2003,56.9
Total,Southern NSW,2002-2004,58.6
Total,Southern NSW,2003-2005,57.7
Total,Southern NSW,2004-2006,53.2
Total,Southern NSW,2005-2007,51.3
Total,Southern NSW,2006-2008,52.3
Total,Southern NSW,2007-2009,52.4
Total,Southern NSW,2008-2010,50.6
Total,Southern NSW,2009-2011,48.4
Total,Southern NSW,2010-2012,51.0
Total,Southern NSW,2011-2013,50.1
Total,Southern NSW,2012-2014,53.6
Total,Southern NSW,2013-2015,53.9
Total,Southern NSW,2014-2016,56.5
Total,Southern NSW,2015-2017,59.8
Total,Southern NSW,2016-2018,58.5
Total,Southern NSW,2017-2019,58.9
Total,Southern NSW,2018-2020,50.7
Total,Southern NSW,2019-2021,47.3
Total,Murrumbidgee,2001-2003,66.6
Total,Murrumbidgee,2002-2004,70.7
Total,Murrumbidgee,2003-2005,67.2
Total,Murrumbidgee,2004-2006,59.6
Total,Murrumbidgee,2005-2007,57.3
Total,Murrumbidgee,2006-2008,53.5
Total,Murrumbidgee,2007-2009,50.5
Total,Murrumbidgee,2008-2010,50.3
Total,Murrumbidgee,2009-2011,51.0
Total,Murrumbidgee,2010-2012,53.9
Total,Murrumbidgee,2011-2013,49.7
Total,Murrumbidgee,2012-2014,49.3
Total,Murrumbidgee,2013-2015,52.4
Total,Murrumbidgee,2014-2016,57.1
Total,Murrumbidgee,2015-2017,60.5
Total,Murrumbidgee,2016-2018,56.6
Total,Murrumbidgee,2017-2019,56.6
Total,Murrumbidgee,2018-2020,51.5
Total,Murrumbidgee,2019-2021,51.9
Total,Western NSW,2001-2003,68.9
Total,Western NSW,2002-2004,70.6
Total,Western NSW,2003-2005,66.4
Total,Western NSW,2004-2006,63.2
Total,Western NSW,2005-2007,59.4
Total,Western NSW,2006-2008,60.5
Total,Western NSW,2007-2009,62.4
Total,Western NSW,2008-2010,64.6
Total,Western NSW,2009-2011,64.8
Total,Western NSW,2010-2012,63.8
Total,Western NSW,2011-2013,59.4
Total,Western NSW,2012-2014,59.5
Total,Western NSW,2013-2015,59.1
Total,Western NSW,2014-2016,67.6
Total,Western NSW,2015-2017,75.9
Total,Western NSW,2016-2018,77.7
Total,Western NSW,2017-2019,74.4
Total,Western NSW,2018-2020,64.3
Total,Western NSW,2019-2021,59.9
Total,Far West,2001-2003,64.6
Total,Far West,2002-2004,67.3
Total,Far West,2003-2005,77.0
Total,Far West,2004-2006,71.4
Total,Far West,2005-2007,74.0
Total,Far West,2006-2008,66.7
Total,Far West,2007-2009,69.2
Total,Far West,2008-2010,63.8
Total,Far West,2009-2011,63.1
Total,Far West,2010-2012,62.4
Total,Far West,2011-2013,68.9
Total,Far West,2012-2014,63.6
Total,Far West,2013-2015,72.1
Total,Far West,2014-2016,58.7
Total,Far West,2015-2017,65.8
Total,Far West,2016-2018,56.3
Total,Far West,2017-2019,65.3
Total,Far West,2018-2020,69.5
Total,Far West,2019-2021,65.5
